Status,Progress,Duration (in seconds),Finished,ResponseId,Q1_1,Q1_2,Q1_3,Q1_4,Q1_5,Q1_6,Q1_7,Q1_8,Q1_9,Q1_10,Q1_11,Q1_12,Q1_13,Q6_1,Q40_1,Q40_2,Q40_3,Q3,Q4,Q5,Q8,Q37,Q7,Q9,Q10,Q35,Q32,Q34,Q13,Q14,Q15,Q15_5_TEXT,Q16,Q43_1,Q17,Q18,Q19,Q20,Q20_4_TEXT,Q21,Q21_7_TEXT,Q22,Q22_5_TEXT,Q23,Q23_7_TEXT,Q12,Q25,Q26,Q24,Q49
Response Type,Progress,Duration (in seconds),Finished,Response ID,Please rate how comfortable you are using these terms accurately. - Cisgender,Please rate how comfortable you are using these terms accurately. - Gender,Please rate how comfortable you are using these terms accurately. - Gender Expression,Please rate how comfortable you are using these terms accurately. - Gender Identity,Please rate how comfortable you are using these terms accurately. - LGBTQ,Please rate how comfortable you are using these terms accurately. - Nonbinary/Genderqueer,Please rate how comfortable you are using these terms accurately. - Queer,Please rate how comfortable you are using these terms accurately. - Sex,Please rate how comfortable you are using these terms accurately. - Sexual Orientation,Please rate how comfortable you are using these terms accurately. - Transgender,Please rate how comfortable you are using these terms accurately. - Transgender Man,Please rate how comfortable you are using these terms accurately. - Transgender Woman,Please rate how comfortable you are using these terms accurately. - Gender Affirmation Therapy,How confident would you feel counseling a trans patient on their cancer risk in your cancer clinic? - Counseling a trans patient,"How comfortable do you feel asking a trans patient or nonbinary patient the following: - Pronouns they use (she/her, he/him, they/them, zir, etc...)",How comfortable do you feel asking a trans patient or nonbinary patient the following: - Hormone use,How comfortable do you feel asking a trans patient or nonbinary patient the following: - Gender affirmation surgeries,"On average, what is your estimation of the number of patients you see each month?","To your knowledge, have you seen any transgender patients in your practice in a cancer setting?","Approximately, how many transgender patients have you seen?",Case 1: A patient you see in clinic is a trans man. Please explain how you would draw this individual on a pedigree and why.,Case 2: A patient you see in clinic is a genderqueer individual who was born with XX chromosomes. Please explain how you would draw this on a pedigree and why.,"Case 3: Below is a possible case example of a trans patient in a cancer clinic. Please choose the option that is the most similar to the way you anticipate counseling in this session. A 50-year-old trans woman is referred to genetic counseling due to a significant family history of prostate cancer. During the session, the patient informs you that she had a vaginoplasty and has undergone hormone replacement therapy for seven years. Other than a normal colonoscopy she recently had, she has had no cancer screening. Select all the topics that are relevant to this patient‰Ûªs medical care and her gender affirmation:","Case 4: Below is a possible case example of a trans patient in a cancer clinic. Please choose the option that is the most similar to the way you anticipate counseling in this session.You meet with a 26-year-old trans woman who tests positive for a BRCA1 mutation. The patient has not undergone any gender affirmation therapies or surgeries but has conveyed interest in doing so. Select all the topics that are relevant to this patient‰Ûªs medical care and her gender affirmation:","Case 5: Below is a possible case example of a trans patient in a cancer clinic. Please choose the option that is the most similar to the way you anticipate counseling in this session.A 35-year-old trans man is referred to you due to his family history of a mother with colon cancer at age 40 and maternal uncle with stomach cancer at age 45. He is found to have Lynch syndrome. The patient has not undergone any gender affirmation therapies or surgeries but has conveyed his interest in doing so. Select all the topics that are relevant to this patient‰Ûªs medical care and his gender affirmation:","Case 6: Below is a possible case example of a trans patient in a cancer clinic. Please choose the option that is the most similar to the way you anticipate counseling in this session.  A trans man ATM mutation carrier who has not had any gender affirmation therapies and his cisgender male partner, whom he is sexually active with, are seen by you in clinic to discuss his medical management. Select all the topics that you would discuss during the counseling session:","Case 7: Below is a possible case example of a trans patient in a cancer clinic. Please choose the option that is the most similar to the way you anticipate counseling in this session.A 16-year-old trans girl is post-pubescent and is seeking gender affirmation therapy via estrogen therapy. She is referred to your clinic due to her mother having a BRCA2 mutation.","If a trans patient was referred to you for genetic counseling, would you counsel them or would you refer them to a different genetic counselor?",Do you have resources in your clinic for LGBTQ services?,Have you had any education or training specific to transgender health?,What type of education or training have you had specific to transgender health? - Selected Choice,What type of education or training have you had specific to transgender health? - Other - Text,Would it be beneficial to your practice to have more education on transgender health implications to cancer?,"The World Professional Association for Transgender Health (WPATH) recommends that providers take an anatomical inventory of the organs each individual patient has at any given point in time. For example, a list of organs could be recorded in a chart, and subsequently updated, for each individual patient at an appointment. Suggested organs would include: testes, prostate, breasts, vagina, cervix, uterus, ovaries. Please indicate if you think this would be beneficial or not beneficial for your practice. - Beneficial: Not Beneficial",Please indicate your age.,Please indicate the year you graduated from your genetic counseling program.,How many years have you worked in a cancer setting? (years in clinic and/or research),Please indicate your sex assigned at birth. - Selected Choice,Please indicate your sex assigned at birth. - Other - Text,Please indicate your gender identity. - Selected Choice,Please indicate your gender identity. - Other - Text,Please indicate your pronouns. - Selected Choice,Please indicate your pronouns. - Other - Text,Please indicate your sexual orientation. - Selected Choice,Please indicate your sexual orientation. - Other - Text,"Do you have family and/or friends who identify as transgender, nonbinary, or genderqueer?",Please indicate the region in which you practice.,Please indicate the type of hospital in which you practice.,Please indicate your race.,Please indicate your ethnicity.
"{""ImportId"":""status""}","{""ImportId"":""progress""}","{""ImportId"":""duration""}","{""ImportId"":""finished""}","{""ImportId"":""_recordId""}","{""ImportId"":""QID1_1""}","{""ImportId"":""QID1_2""}","{""ImportId"":""QID1_3""}","{""ImportId"":""QID1_4""}","{""ImportId"":""QID1_5""}","{""ImportId"":""QID1_6""}","{""ImportId"":""QID1_7""}","{""ImportId"":""QID1_8""}","{""ImportId"":""QID1_9""}","{""ImportId"":""QID1_10""}","{""ImportId"":""QID1_11""}","{""ImportId"":""QID1_12""}","{""ImportId"":""QID1_13""}","{""ImportId"":""QID6_1""}","{""ImportId"":""QID40_1""}","{""ImportId"":""QID40_2""}","{""ImportId"":""QID40_3""}","{""ImportId"":""QID3""}","{""ImportId"":""QID4""}","{""ImportId"":""QID5""}","{""ImportId"":""QID8_TEXT""}","{""ImportId"":""QID37_TEXT""}","{""ImportId"":""QID7""}","{""ImportId"":""QID9""}","{""ImportId"":""QID10""}","{""ImportId"":""QID35""}","{""ImportId"":""QID32""}","{""ImportId"":""QID34""}","{""ImportId"":""QID13""}","{""ImportId"":""QID14""}","{""ImportId"":""QID15""}","{""ImportId"":""QID15_5_TEXT""}","{""ImportId"":""QID16""}","{""ImportId"":""QID43_1""}","{""ImportId"":""QID17_TEXT""}","{""ImportId"":""QID18_TEXT""}","{""ImportId"":""QID19""}","{""ImportId"":""QID20""}","{""ImportId"":""QID20_4_TEXT""}","{""ImportId"":""QID21""}","{""ImportId"":""QID21_7_TEXT""}","{""ImportId"":""QID22""}","{""ImportId"":""QID22_5_TEXT""}","{""ImportId"":""QID23""}","{""ImportId"":""QID23_7_TEXT""}","{""ImportId"":""QID12""}","{""ImportId"":""QID25""}","{""ImportId"":""QID26""}","{""ImportId"":""QID24""}","{""ImportId"":""QID49""}"
0,100,538,1,R_W8pcisKoGTLiEff,4,5,4,4,4,2,4,5,5,5,5,5,4,3,2,4,4,1,2,,"I would draw a circle circumscribed inside a square to indicate the ""outside"" gender (male) and the biological sex (female) and would write under it what surgeries/therapies ","I would draw a diamond with 46, XX under it and write what surgeries/therapies if any","1,5",6,"1,2,3,4","1,2,4",4,1,2,2,,,1,4,24,2016,1,2,,2,,2,,1,,2,1,1,1,2
0,100,542,1,R_2aFxb9ag3KgDE44,5,5,5,5,5,5,5,5,5,5,5,5,5,4,4,4,4,1,2,,"I would likely ask the patient what their preference is, but I would generally draw as a square and write in XX or FTM","I would ask the patient their preference in this situation, but if they did not have a preference, I would draw a diamond with XX underneath it.  ","1,2,5","1,2,3,5,6","1,2,3,4","1,2,4",2,1,1,2,,,1,4,36,2009,2,2,,2,,2,,1,,1,4,1,1,2
0,100,1015,1,R_3pmt0GDwWWscdRc,3,5,4,4,5,3,2,5,5,5,5,5,4,4,5,5,4,1,1,2,"I have drawn the individual using an overlaying circle and square, and then writing their karyotype underneath. It's probably not right, but what I came up with. ",Same as above. ,"1,5","2,6","1,2,3,4,6","1,2,4",5,1,2,2,,,1,5,33,2010,2,2,,2,,2,,1,,1,4,7,1,2
0,100,1290,1,R_8kRJoKZHhlakp0h,4,5,4,4,5,4,4,4,5,5,5,5,3,4,3,3,4,1,2,,square w/circle inside - indicate genetic sex but acknowledge indenity,diamond with circle inside to indicate genetic sex but does not identify with one particular gender,"1,2,5","1,2,6","1,2,5","1,2,3,4,5",4,1,3,2,,,1,5,27,2015,1,2,,2,,2,,1,,2,4,2,1,2
0,100,662,1,R_1jJw4ndsOQcX6i8,2,5,4,5,5,4,2,5,5,4,4,4,4,3,2,5,5,2,1,1,I would draw the individual as a square with a circle inside.  The circle inside to represent their sex at birth and square to represent their personal gender identity.,I would probably draw a diamond as this is gender neutral and label XX underneath the symbol to indicate genetic sex.,"1,5","1,2,6","1,2,3,4,6","1,2,4",2,1,2,2,,,1,5,27,2015,1,2,,2,,2,,1,,2,2,2,1,2
0,100,2122,1,R_1dnNyPPNCnjAiVK,5,5,5,5,5,5,5,5,5,5,5,5,5,3,5,5,5,2,2,,"Square with note underneath denoting trans man and the patient's preferred pronouns. I've seen a lot of conversation on the Cancer SIG about noting biological sex (46,XX) on the pedigree or placing shapes inside of shapes, but these methods could still lead to confusion (i.e. if karyotype is not truly known or different people interpret shapes inside of shapes differently). I would love to see more standardization of pedigree nomenclature, but until then I would likely use the shape of the patient's gender identity with further description below the shape as appropriate (i.e. trans man, preferred pronouns, etc)","Diamond with note underneath stating genderqueer and 46,XX. Again, I would chose for my pedigree symbol to reflect the patient's gender identity as accurately as possibly, and I would use a diamond for a patient with a nonbinary gender identity. I'd denote genderqueer and the karyotype underneath the shape just like I would any other medical information that might be relevant to the case.","1,2,5","1,2,5,6","1,2,3,4,6","1,2,4,5",2,1,3,2,,,1,4,27,2016,1,2,,2,,2,,1,,1,2,3,1,2
0,100,866,1,R_4VCLKyHVn72vhv3,5,5,4,4,5,4,4,5,5,5,5,5,4,2,2,2,2,1,1,2,"I would draw the symbol as a square while I am seeing the patient, to avoid offending him. However, after the session, I would include a circle inside of the square, which is what NCCN has recently proposed as the correct symbol. I like to avoid putting ""XX"" or ""XY"" because, as most individuals are born with this configuration of chromosomes, this may not be genetically confirmed. This says to me that this person has had a karyotype, and it is know that they are XX or XY, which for most patients is not the case. ","I would use the diamond symbol to reflect gender fluidity, and put a circle inside, as this individual was born female. ","1,5","1,2,6","1,2,3,4","1,2,4",2,1,1,2,,,1,5,,2015,1,2,,2,,2,,1,,2,4,1,1,2
0,100,1113,1,R_6PBYPtYI3jnUYud,4,4,4,4,4,1,2,4,4,4,3,3,2,4,2,4,4,3,1,2,"Square with a circle inside. It is addressed in NCCN guidelines and shows that the male gender is the individual's identity, but that they are biologically female.","Possibly a diamond with a circle drawn inside and XX written underneath, as they do not identify as one specific gender but are biologically female.","1,2,5","1,3,5,6","1,2,3,4,6","1,2,4",2,1,3,2,,,1,5,27,2015,1,2,,2,,2,,1,,2,4,1,1,2
0,100,1275,1,R_3k4CQ2W7Ubszhzo,1,5,4,5,5,1,1,5,4,5,5,5,1,4,5,5,5,3,1,4,"I would ask what their preferred identity is.  The pedigree is a tool though, it doesn't change anything about who they are.  If we draw a circle, square, octagon, etc.  It doesn't define a person.  It is just an arbitrary way to assess risk.","Ask if they have a preferred gender.  If not, I would use XX but make a distinction in my notes.  It isn't that complicated.  If we are judging identity by a circle or square, we have bigger problems to work through.",1,7,"1,2",6,2,1,1,2,,,1,2,40,2005,4,3,,6,,6,,5,,2,4,3,1,2
0,100,1277,1,R_1CeIy9Sd1BwuSyf,5,5,5,5,5,4,2,5,5,5,5,5,5,4,4,5,4,1,2,,"square with explanation such as FTM or 46XX trans, need to respect patient, but also understand gender-specific risks","if no defined binary gender expression, would use a diamond with 46XX and explanation by symbol, for same reasons as described above","1,2,4","1,2,6","1,2,3,4,6","1,4,5",2,1,1,2,,,1,5,55,1990,1,2,,2,,2,,1,,1,2,1,1,2
0,100,886,1,R_3g029WHfuKS9MXH,5,5,5,5,5,5,5,5,5,5,5,5,5,4,5,5,5,1,2,,"There is no standardized pedigree symbol for trans individuals at this point in time.  I have seen this discussed in numerous webinars, lectures, etc., and every clinic seems to have their own take on it.  At my office, we have decided that it would be appropriate to represent a trans man as a square with a circle inside of it (the individual's biological sex is female, but he outwardly identifies as being male).","I would represent this individuals with a circle on the pedigree, representing the patient's biological sex.  I would make sure, though, to ask the patient which pronoun is preferred and make a note of their preference on the pedigree.","1,2,5","1,2,6","1,2,3,4,6","1,2,3,4,5",4,1,2,2,,,1,2,28,2013,2,2,,2,,2,,7,Demisexual (gray-asexual),1,2,3,1,2
0,100,5112,1,R_3erIsJ7JHw4aBD5,5,5,5,5,4,4,2,5,5,4,4,4,2,3,4,2,2,2,2,,"I would draw a square with ""MTF"" under it. This accurately shows how he identifies, but also gives the correct medical information.","I would draw a diamond, notating the chromosomal sex underneath. This way, medical information is conveyed in a way that does not offend the patient.","1,5",1,"1,3,4","1,2,3",4,1,2,2,,,1,4,25,2017,1,2,,2,,2,,1,,1,5,2,1,2
0,100,859,1,R_3fe2k5TLiOKChEp,1,5,4,4,4,1,2,5,5,4,2,2,4,5,4,5,5,1,1,2,"Female (circle) on pedigree, with note on side saying that patient identifies as male. My feeling is that the pedigree should show biological sex as it would show up on a karyotype so that inheritance patterns can be properly identified. Cultural or personal identification should of course be noted and respected, but it doesn't override biological sex on a pedigree, especially since the pedigree is for internal use and not seen by the patient.","Female (circle) on pedigree, with note on side saying that patient identifies as genderqueer. As stated above, I feel that the pedigree should show biological sex as it would show up on a karyotype so that inheritance patterns can be properly identified. Cultural or personal identification should of course be noted and respected, but it doesn't override biological sex on a pedigree, especially since the pedigree is for internal use and not seen by the patient.","1,5",6,"1,2,3,4","1,2,4",4,1,2,2,,,2,4,37,2009,3,1,,1,,1,,1,,1,6,2,1,2
0,100,961,1,R_1d0w6RudmledpSJ,4,5,4,5,5,4,2,5,5,5,5,5,5,5,5,5,4,2,1,2,"square with a circle inside, shows person is born a woman but identifies as a man","I don't know technically, but might draw a diamond (which I use for unknown gender) with a circle inside to show born a woman but does not identify with male or female.","1,2,5",6,"1,2,3,4","1,2,4",4,1,2,2,,,1,5,58,2012,2,2,,2,,2,,1,,1,4,3,1,2
0,100,2652,1,R_2hjScSlnvj3NK5v,4,5,4,4,5,4,3,4,5,4,4,4,4,4,3,5,5,2,1,2,"Square around a circle, indicating assumed female sex chromosomes, identifying male",Diamond with XX underneath,"1,2,5","1,2,6","1,2","1,3,4",4,1,2,2,,,1,4,33,2009,3,2,,2,,2,,1,,2,5,5,1,2
0,100,799,1,R_3Mt9nsHN1IWntx4,5,5,5,5,5,4,5,5,5,5,5,5,4,4,4,4,4,3,2,,"diamond shape with FTM written underneath because this is the practice published a few years ago by Robin Bennett and others, and I know that they worked with transgender individuals to arrive at this solution","diamond shape with 46,XX and ""genderqueer"" written below. I would want to record their preferred terminology so that I (and others in clinic) would remember and use it.","1,5","1,2,6","1,2,3,4,6","1,2,4",2,1,1,2,,,1,4,41,2016,1,2,,2,,2,,1,,1,,1,1,2
0,100,654,1,R_3qmm1oDf17GhO0f,1,5,2,5,5,1,1,5,5,5,2,2,1,1,1,5,2,3,2,,I get confused with the words- if he was a male at birth I would draw a square for XY. If he is male but was XX at birth I would draw a circle.,"XX is a circle, in my opinion it doesn't matter what ""gender"" they associate themselves with if I am in a genetics consult with them",1,"1,2","1,2,3,4,6","1,2,4",5,1,2,2,,,2,1,26,2015,2,2,,2,,2,,1,,2,1,1,1,2
0,100,858,1,R_2U3LmmBFVBQV89r,5,5,5,5,5,4,4,5,5,5,5,5,5,3,4,4,4,2,1,1,A square with XX written underneath after running it by him to see if that was ok with him. This is based on the standard pedigree nomenclature publication. ,"I would explain our pedigree symbols and the option of being drawn as a circle, square, or diamond to draw their preference. I would write XX underneath. I would go with a diamond with XX underneath if they have no prefence because it seems like the most intuitive way to capture a genderqueer individual. ","1,2,5","1,2,6","1,2,3,4,6","1,2,4,5",2,1,1,1,"3,4",,1,5,26,2016,1,2,,2,,2,,7,Pansexual,1,1,1,1,2
0,100,1239,1,R_2WDo0D52VHOuaIp,4,4,2,3,5,3,3,5,5,5,4,4,2,3,4,5,3,2,2,,Either a circle in a square or a square in a circle; I forget which way it goes for trans man vs trans woman.,"Circle since that's her biological sex and her gender is more in-between, so not making me feel like I should specifically note something male.","1,4,5","1,2,6","1,2,3,4","1,2,4",4,1,1,2,,,1,4,24,2017,1,2,,2,,2,,1,,2,6,3,1,2
0,100,11335,1,R_V3j7dGdZJt4L3dT,5,5,5,5,5,5,5,5,5,5,5,5,4,5,5,5,5,3,1,1,Male symbol with writing underneath indicating the patient is transgender female to male. I would use the male symbol to indicate the patient's gender identity but he explanation to show which gendered cancers the patient is at risk for. ,A diamond with subscript indicating the patient is biologically female. Or we need a new symbol because our symbols are binary. I would also consider explaining the symbols we use and ask the patient what they would prefer I use. ,"1,5","1,6","1,2,3,4,5","1,2,4,5",2,1,1,2,,,1,5,25,2017,1,2,,2,,2,,1,,2,4,2,1,2
0,100,22143,1,R_svqRnMkTJFEGTYt,1,5,4,4,4,3,1,5,4,5,5,5,3,5,4,5,5,2,2,,depends on the indication,depends on the indication,"1,5","1,6","1,2,3,4,5","1,2,4",1,1,2,2,,,1,5,28,2015,1,2,,2,,2,,1,,2,4,1,1,2
0,100,1217,1,R_5mvijIHQNe1FpUl,4,4,4,4,4,2,4,5,5,5,4,4,2,4,5,5,5,2,1,2,"Square with XX underneath, based on Pedegree nomenclature",I would draw this person as a circle on my Pedegree because of the XX chromosomes because I was not informed of a specific identity aside from biologic,"1,5",6,"1,2,3,4","1,2,4",5,1,1,2,,,1,2,53,1989,4,2,,2,,2,,1,,1,2,1,1,2
0,100,2561,1,R_2WwXpHSFdxkJRY4,2,5,5,5,5,4,2,5,5,4,5,5,5,3,4,4,4,2,2,,A square with a circle inside? I might do a square and write FTM underneath. I might ask the individual how they would like to be represented.,"Probably a diamond with 46, XX underneath. Since a diamond does not specify gender, but the person's sex at birth might be important from a medical standpoint. We need better symbols!","1,2,5","1,2,5,6","1,2,3,4,6","1,2,4,5",5,1,3,2,,,1,4,40,2014,1,2,,2,,2,,1,,1,6,2,5,2
0,100,1470,1,R_PzxskQjw2wuZClH,2,5,4,4,4,2,2,5,4,4,2,2,2,4,2,4,4,1,2,,I would draw them as a square and then put FTM underneath to indicate they are genetically female but transgender male. It needs to be clear they are genetically female as their sex impacts cancer risks. ,I would draw them as a diamond and mark underneath XX to indicate they are genetically female since that is important for cancer risks. ,"1,2,5","1,2,6","1,2,3,4,6","1,2,4,5",4,1,3,1,1,,2,1,26,2015,1,1,,1,,1,,1,,1,4,3,1,2
0,100,612,1,R_1DB7uM6N1MnGBt3,1,5,5,5,5,1,1,5,5,5,5,5,3,4,4,4,4,3,2,,"A square with 46,XX written underneath",I don't know,"1,5","1,2,6","1,2,3,4,6","1,2,4,5",1,1,2,2,,,1,3,31,2010,2,2,,2,,2,,1,,2,4,7,1,2
0,100,1076,1,R_OMUtxaDaOZDer8l,4,5,5,5,5,4,4,5,5,5,5,5,4,3,5,5,5,1,1,1,"I would likely draw a circle inside of a square to represent that this individual was biologically defined as a female, however identifies as a male","Hmmm, this is a tough one. Since I wouldn't want to define this individual in a way that does not represent how they identify, I may define my own symbol and state this symbol represents nonbinary/genderqueer--and then list their XX chromosome complement underneath that symbol as a way to document their biological sex.","1,5","2,6","1,2,3,4","1,2,4",4,1,2,2,,,1,5,28,2016,1,2,,2,,2,,1,,1,2,"1,2",1,2
0,100,838,1,R_1k15sNAAwsAKHvw,5,5,5,5,5,5,4,5,5,5,5,5,4,5,5,5,5,3,2,,Square with greek female to male symbols below the square. The square represents how the individual identifies and the greek symbols define the transition,"Diamond with 46,XX under the symbol. The diamond does not represent one gender or the other. I would only use 46,XX if they have had a karyotype.","1,2,5","1,2,6","1,2,3,4,6","1,2,4",2,1,1,2,,,1,5,27,2014,2,2,,2,,2,,1,,1,3,1,1,2
0,100,746,1,R_2zXRSwurJXxzYzT,5,4,4,4,5,5,4,4,4,5,5,5,4,4,5,4,5,1,1,1,Square - Trans FTM written below and info on existence of pertinent tissue,"Circle (sensitive to gender identity and pronouns, but discuss that we are interested in biological sex and tissue for risk assessment purposes only)","1,5","1,2,6","1,2,3,4,6","1,2,4",2,1,3,1,"1,2",,1,5,27,2015,1,1,,1,,1,,1,,1,3,4,1,1
0,100,635,1,R_3dET2xLgoJY6DDb,4,5,4,2,4,2,1,4,2,4,4,4,1,2,4,4,2,1,2,,square with an xx under them,diamond with an xx under them,"1,5","2,4,6","1,2,3,4,6","1,2,4",1,1,2,1,3,,1,5,29,2012,2,2,,2,,2,,1,,2,2,3,1,2
0,95,734,0,R_XHCCIyFHxschej7,5,5,4,5,5,4,4,5,5,5,4,4,4,4,5,5,5,1,1,2,"I would use a square symbol and write 46,XX under the symbol because I believe that is the correct nomenclature to describe someone whose sex is female that identified as a male.",I would use a circle symbol because I am not aware of any accepted nomenclature for genderqueer individuals and this person's sex is female.,"1,2,5","1,2,5,6","1,2,3,4,6","1,2,5",4,1,2,2,,,1,4,35,2006,3,2,,2,,2,,1,,2,2,1,1,2
0,100,761,1,R_1exhvVE3zIyhIpZ,4,5,4,5,5,4,5,5,5,5,5,5,4,4,3,4,4,1,2,,"square outside, circle entirely contained inside. perhaps a note underneath indicating born female.","diamond shape, with text underneath noting sex chromosome status (if actually confirmed)","1,5","1,2,6","1,2,3,4,6","1,2,4",2,1,3,2,,,1,5,32,2010,1,1,,1,,1,,2,,1,6,1,2,2
0,100,488,1,R_2aJflKojsgu0e91,5,5,5,5,5,5,5,5,5,5,5,5,4,4,5,4,4,2,2,,"Draw a square to represent a male, but denote ""FtM"" underneath","Draw a diamond and denote ""XX, non-binary gender"" underneath","1,4,5","1,2,6","3,4","1,2,4",4,1,3,2,,,1,4,26,2016,1,2,,2,,2,,1,,1,2,1,1,2
0,95,785,0,R_1eQPsx2KIhy9tnq,5,5,5,5,5,1,1,5,5,5,5,5,5,5,5,5,5,2,1,2,with a circle and square,circle,5,"1,2,6","1,2,3,4,6","1,2,4",5,1,2,1,3,,3,5,53,1996,4,2,,2,,2,,1,,1,2,1,2,2
0,95,779,0,R_1Hi63spktM7E4Ui,5,5,5,5,5,5,5,5,5,5,5,5,5,4,2,4,2,2,1,1,I would ask the patient how they prefer to be represented on their pedigree.  If they don't have an opinion I used the symbol for male with a designation of their chromosomes (XX).,I would ask how they prefer to be represented.  If they don't have an opinion I would probably use a square inside a circle. ,"1,2,5","1,2,6","1,2,3,4,6","1,2,4,5",4,1,3,2,,,1,5,32,2010,3,2,,2,,2,,1,,2,4,"1,3,6",1,2
0,95,880,0,R_2tbSUPtz4JGnWfq,5,5,5,5,5,4,2,5,5,5,4,4,4,4,4,4,4,2,2,,"Standard pedigree nomenclature indicates that we should draw a trans man with a square (the gender he identifies with) with XX (female chromosome) underneath.  I may also indicate ""trans man"" or ""FTM"" underneath for my own reference",I would draw a diamond and indicate XX underneath.  ,"1,2,5",6,"1,2,3,4","1,2,4",2,1,1,1,3,,1,5,27,2014,2,2,,2,,2,,1,,2,1,1,1,2
0,95,822,0,R_AzorK14FYABl46B,2,4,4,4,4,2,2,4,4,4,4,4,2,4,2,4,4,2,1,2,"circle inside of a square with connotation of :transgender FtM"" and any related hormone use or surgery below; to respect patient's gender identify while also including medically relevant information to risk assessment.","diamond with karyotype 46,XX noted below; if chromosomes are known (karyotype done) I would feel comfortable doing this as a way to signify both relevant pieces of information","1,5","1,2,6","1,2,3,4,6","1,2,4",4,1,3,2,,,1,5,30,2011,3,2,,2,,2,,1,,2,4,3,1,2
0,95,1069,0,R_32PIWfY6ugIzExi,5,5,5,5,5,5,5,5,5,5,5,5,5,4,5,5,5,1,2,,Normal sized square with a circle within the square; example in NCCN guidelines,"Triangle with a circle within; in order to respect the patient's nonbinary preference but signify biological sex for the purpose of cancer risk management, since reproductive organs may be at risk","1,2,5","1,6","1,2,3,4","1,2,3,4,5",2,1,2,2,,,1,4,25,2016,1,2,,2,,2,,1,,2,6,4,1,2
0,95,809,0,R_beVVu3u67qFzKUh,5,5,5,5,5,5,5,4,5,5,5,5,4,4,5,4,4,3,1,1,"Square with FTM written. I think its important to validate the individual by indicating their gender in the drawing of the pedigree. However, it is often important to our clinical interpretation and management to know that this individual most likely is XX (however unless we've done testing, I don't like to assume) and been exposed to estrogen. I also list what organs they have that may be relevant to our interpretation (ex. has ovaries)",I haven't had this before. I think I would use a diamond and put XX (if verified) and list relevant organs present (see above),"1,2,4,5","1,2,5,6","1,2,3,4,6","1,2,4,5",1,1,2,2,,,1,5,26,2016,1,2,,2,,2,,1,,1,3,5,1,2
0,95,340,0,R_1rHv3jjkP17dlxf,4,5,5,5,5,4,4,5,5,5,5,5,3,4,4,2,3,2,2,,circle inside a square,cirlce,"1,2","1,2,5,6","1,2,3,4","1,2,4",4,2,2,2,,,1,4,25,2016,1,2,,2,,2,,1,,1,2,"1,5",1,2
0,95,1165,0,R_b7rPqlRDrOfggnf,5,5,5,5,5,5,5,5,5,5,5,5,5,5,5,5,5,1,2,,"square w/ 46, XX","diamond w/ 46, XX","1,4","2,6","1,2","1,2,3,4",2,1,1,1,"1,3",,1,2,28,2015,1,1,,1,,1,,1,,1,2,1,1,2
0,95,1452,0,R_2fBgF0zCQU0rRIr,5,5,5,5,5,4,4,5,5,5,5,5,5,5,5,5,5,1,1,2,"Assuming patient has disclosed their identification as a trans man, I would draw a square symbol with a circle inside. I would not mark anything related to chromosomes (like drawing a square but writing 46,XX) unless cytogenetic testing has been done.  I also try to take into account patient preferences for how they are represented, by explaining why I have drawn the symbol as I did.  In one situation, the patient was uncomfortable with this, so I represented them as a diamond and wrote a description that was both revealing of medical information and acceptable to the patient.  I believe it was to the effect of ""man with ovaries and excess breast tissue.""","I admit that I do not ask all patients how they identify, so it may be dictated by how they are represented in the medical record.  If they are listed as female and their gender expression appears female, I may simple mark them with a circle without further exploration.  If they are listed as female in the medical record but express a genderqueer identity or I perceived that their gender expression is discordant with what is in the medical record, I would draw a diamond with a circle inside and the notation 46,XX. The diamond would represent that the individual has disclosed that they are genderqueer, while the inner circle would represent the chromosomal status and alert me and other viewers of the pedigree that there may be internal organs (e.g. ovaries) that are relevant to the medical inquiry.","1,5","1,2,5,6","1,2,3,4,6","1,2,4,5",1,1,2,1,5,"A short (1.5 hour) lecture on the topic at a more general conference, several sessions on the topic at our hospital's ""Current topics and medical genetics"" weekly journal club and case conference.",1,4,32,2009,3,2,,2,,2,,1,,1,3,1,1,2
0,95,505,0,R_28ALm8XqEoKCDCl,5,4,5,4,5,5,4,5,4,5,5,5,5,2,3,4,4,2,2,,A square with a circle inside,"I have no clue! First guess would be a circle, with the term ""non-binary"" below","1,2,5","1,6","1,2,3,4","1,2,4,5",4,1,2,2,,,1,4,32,2010,2,2,,2,,2,,1,,1,3,2,1,2
0,95,1197,0,R_1Lvuv6JZPzrP7Pn,1,5,5,5,5,1,2,5,5,5,5,5,1,4,4,3,2,2,2,,"draw as female because that is biological sex, make a note that he's now a trans man",female as that's biological sex,"1,5",6,"1,2,3,4","1,2,4,5",4,1,3,2,,,1,4,26,2016,1,2,,2,,2,,1,,2,3,3,1,2
0,95,1382,0,R_3sgGc3oQ7aRQlLY,4,5,5,5,5,5,5,5,5,5,5,5,3,5,5,5,5,2,2,,"I would draw the individual as a circle first with a square on the outside (despite this not being the ""proper"" way to draw it on a pedigree- because the ""proper"" way indicates we should write 46,XX or 46,XY beneath the symbol... but if this person has never had chromosome testing then this may be completely inaccurate)","diamond with 46,xx beneath","1,4","2,6","1,2,3,4","1,2,4",5,1,1,2,,,1,4,23,2017,,2,,2,,2,,1,,1,2,1,5,1
0,95,560,0,R_27Hyx3ZZm4RPeVu,2,5,3,5,5,2,1,5,5,5,4,4,2,4,4,4,4,2,2,,Square with a circle inside to denote biological sex versus gender,diamond with xx below to denote karyotype,"1,5","1,2,6","1,2,3,4,5","1,2,5",1,1,2,2,,,1,5,30,2017,1,2,,2,,2,,1,,2,2,1,1,2
0,95,661,0,R_1duKakUP5wLNtKM,2,5,5,5,5,2,2,5,5,5,5,5,5,3,4,5,5,1,1,2,I would use the symbol that associates with the chromosome complement the individual was born with. Mainly because if I draw a male symbol and it is a female the cancer risks are different for those genders and we need to be as accurate as possible.,I would draw the symbol that matches the chromosome compliment the individual was born with. I would consider using a diamond and noting the sex born vs. sexual orientation,"1,2,5",6,"1,3,4","1,2,3,4,5",4,1,2,2,,,1,5,29,2015,1,2,,2,,2,,1,,1,4,5,1,2
0,95,376,0,R_2cAPzLIFujmi5sE,5,4,4,4,5,2,2,5,5,5,5,5,4,1,2,4,3,3,2,,"I would draw a circle to indicate female sex--important for tracking possibly X-linked traits through the family.  I think drawing a square with 46,XX underneath risks missing something critical to pedigree assessment.  ","Circle--again, because it's important in tracking possibly X-linked traits.  ","1,2","1,2,5,6","1,2,3,4","1,2,4",5,1,1,1,"2,3",,2,5,35,2005,4,2,,2,,2,,1,,2,4,1,1,2
0,95,3446,0,R_sXVQwWOgHAmuBNL,1,5,5,5,5,1,5,5,5,5,5,5,5,5,5,5,5,2,1,1,Square on the outside with a circle inside.  Ths signifies his underlying genetic makeup with his gender identity on the outside.,Diamond on the outside with a circle on the inside.  Signifies genetic sex within and genderqueer identity on the outside.,5,"1,2,6","1,2,3,4,6","1,2,4",4,1,1,2,,,3,4,31,2012,3,2,,2,,2,,1,,2,6,1,1,2
0,95,940,0,R_2QPs7QF1jvEZEiS,3,5,5,5,4,4,2,5,5,5,5,5,4,4,5,4,4,3,2,,"Because I use a pedigree drawing system that does not allow for a lot of flexibility in how symbols are portrayed, I would first ask how the patient would like to be portrayed, but most likely, I would be inclined to use a square and put beneath the symbol something like, ""female at birth"" or if there was a karyotype, I could use ""XX"".","I would probably ask the patient how they would like to be portrayed in the pedigree given the limitations of my pedigree symbol.  I would give the option of circle, square, or diamond and explain what these stand for traditionally.  I would still write below the symbol ""XX"".  ","1,5","1,6","1,2,3,4,5","1,2,4",4,1,1,2,,,1,3,32,3011,1,2,,2,,2,,1,,2,5,3,1,2
0,95,863,0,R_2TMH18CAVUp0lj1,4,5,3,4,4,4,4,5,5,5,5,5,3,4,2,4,4,1,1,1,"I would draw it as a circle for female biological sex and write underneath ""identifies as male"", as well as notes about surgeries/hormone use.  I would choose this because I'm more concerned with having clear communication of risks based on biological sex than other factors.","Unclear what ""genderqueer"" means in this question.  Is it a biological female who is a lesbian? A biological female who identifies as a male?  If it's the first scenario, I would draw as a circle with no reference to sexual orientation, as I wouldn't deem that relevent.","1,2,5","1,6","1,2,3,4","1,2,4",1,1,2,2,,,3,3,27,2015,1,2,,2,,2,,1,,2,4,3,1,2
0,95,698,0,R_20O0EHFrJZKtmik,5,5,5,5,5,2,1,5,5,5,4,4,2,5,4,2,3,1,2,,"A square,  with a note that they are FTM trans in case it is relevant for cancer risks",Probably a diamond with a note about the patient being XX,"1,5","1,2,6","1,2,3,4,6","1,2,4",2,1,1,2,,,1,3,24,2017,1,2,,2,,2,,1,,3,4,1,1,2
0,95,453,0,R_3CZUGcvYUB9t6qW,1,5,2,4,5,4,3,5,4,4,3,3,3,2,5,5,5,1,2,,"To my knowledge, there isn't standardized pedigree nomenclature for this. I would draw them as a circle and make a comment underneath that they are a FTM transgender individual","Were chromosomes tested or were they born female? If tested, I would draw them as a circle, mention they are genderqueer, and write in 46,XX. If they weren't tested, I would draw them as a circle and comment that they are genderqueer","1,2,5","1,6","1,2,3,4","1,2,4",2,1,3,2,,,1,4,25,2016,1,1,,1,,1,,1,,2,4,"1,3",1,2
0,95,367,0,R_3hoQgYlFihOuWWT,4,5,5,5,5,4,5,5,5,5,5,5,5,4,5,5,5,3,1,2,"A square with 46, XX written underneath, because he identifies as male, but was born female","A diamond with 46, XX written underneath, because they do not identify with a specific gender but were born female",1,"2,6","1,2,3,4","1,2,4",5,1,3,1,3,,1,5,33,2008,3,2,,2,,2,,1,,2,2,3,1,2
0,95,2321,0,R_RKxcPdwq0ZA3HO1,5,5,2,5,5,5,4,5,5,5,5,5,5,4,5,5,5,1,2,,"I've seen different suggestions for this. Square to reflect that patient is a man and clearly indicate below ""transgender male, presumed 46,XX"".","Diamond (though I would be comfortable explaining our uses and limitations of square/circle/diamond and ask which is most personally appropriate), indicate below ""karyotype: 46,XX""","1,2,5","1,6","1,2,3,4,6","1,2,4,5",2,1,3,1,"1,3",,1,3,26,2017,1,2,,2,,1,,1,,1,1,1,1,2
0,95,1049,0,R_3HvHwtBiCHkqG22,4,5,3,5,5,2,1,5,5,5,4,4,4,3,4,4,4,2,2,,i would have to look this up.,a circle.  She is a woman both biologically and in identity.,"1,4,5","1,2,6","1,2,3,4,5,6","1,2,4",3,1,2,2,,,1,5,42,1999,4,2,,2,,2,,1,,2,1,1,1,2
0,95,1181,0,R_1jvnoQy4ns2Fm6l,5,5,4,5,5,4,5,5,5,5,5,5,5,3,5,5,5,1,2,,Circle enclosed in a square. I saw this as a way to indicate a trans patient on the Colon cancer NCCN guidelines. ,"Circle, as that is their sex and would be the important factor for personal management recommendations ","1,5","1,2,6","1,2","1,2,4",2,1,3,2,,,1,5,25,2017,1,2,,2,,2,,1,,2,3,"2,6",1,2
0,95,1006,0,R_1DIHOCw1AshGcmV,5,5,5,5,5,5,5,5,5,5,5,5,5,4,5,5,4,1,2,,"I would draw a circle with a square around it. If we knew his chromosomes, I would write those underneath.",I would write a diamond and then write XX underneath ,"1,2,5","1,2,6","1,2,3,4,6","1,4",4,1,2,1,1,,1,5,26,2017,1,2,,2,,2,,6,,1,2,"2,5",1,2
0,95,2784,0,R_57176xYzA5rvv9f,4,5,5,5,5,4,2,5,5,5,5,5,5,4,5,5,5,2,1,1,I would draw a square with XX below it as this is what the NSGC guidelines recommend - to use the symbol of the gender the person identifies with and denote the biological sex below.,"I would ask the patient if they have a preference for how I denote it and explain that I could use a circle, square or diamond and explain what each one indicates.  I would then put XX below the symbol if I used the square or diamond.","1,5","1,6","1,2,3,4,6","1,2,4",2,1,3,2,,,1,4,24,2017,1,2,,2,,2,,1,,2,1,1,1,2
0,95,438,0,R_1isa6iOGhTFByMO,5,5,5,5,5,5,5,5,5,5,5,5,5,5,5,5,5,2,3,,I would draw the patient as a square (phenotypic gender) and write karyotype below the square to represent biologic sex.,I would draw the patient as a diamond and note the karyotype underneath.,"1,5",6,"1,2,3,4","1,2,4",4,1,2,2,,,1,5,31,2010,3,2,,2,,2,,2,,1,5,1,1,2
0,95,6187,0,R_71cZsT8NfUw5UXf,4,5,5,5,5,2,4,5,5,5,5,5,4,2,5,5,5,1,2,,"I would draw this as a circle inside of a square, perhaps also adding ""FTM""","I would draw this as a circle to indicate sex at birth, and consider using a diamond to surround it. I would also ask the patient what she would prefer.","1,2,5","1,2,6","1,2,3,4,6","1,2,4,5",2,1,1,2,,,1,5,31,2013,2,2,,2,,2,,1,,2,2,1,1,2
0,95,2481,0,R_wYuBptjuoHoP5vP,5,5,5,5,5,5,5,5,5,5,5,5,5,4,5,5,5,2,2,,"Square (the individual's gender identity) with a circle inside (for the individual's assigned sex at birth, which may be pertinent to cancer risks).  It is important to note both.  ","Diamond (because gender is not entirely male or entirely female); write 46,XX underneath (because sex at birth may be pertinent to cancer risks).  Writing 46,XX is only appropriate when there is a karyotype test result that shows that the individual has those chromosomes; it is not appropriate to write 46,XX without a test result (ie not okay in case 1).  ","1,2,5","1,2,3,6","1,2,3,4,6","1,2,4,5",5,1,1,1,1,,3,5,37,2017,1,2,,5,,2,,2,,1,4,3,1,2
0,95,450,0,R_QlwX049jh4FI8nL,3,5,5,5,5,1,1,5,5,5,4,4,3,3,2,4,4,1,2,,I don't know the correct way to draw this - I would look it up.,I would draw a circle and perhaps put the karyotype under it.,"1,5",6,"1,2,3,4","1,2,4",3,1,3,2,,,1,4,32,2009,3,2,,2,,2,,1,,2,4,,1,2
0,95,3387,0,R_1QN531DWy2C6Nyd,5,5,5,5,5,5,5,5,5,5,5,5,5,4,4,4,5,1,2,,"would draw as a square with transgender: female &gt; male written below along with any other information I had available such as 46,XX or s/p bilat. mastectomy for example","I would draw as a circle with 46,XX and genderqueer written below.  Since there are not symbols that I am familiar with for non-binary individuals on a pedigree, I would in this case defer to the symbol of the sex assigned at birth. ","1,2,4","1,2,6","1,2,3,4,6","1,3,4",2,1,2,2,,,3,4,26,2015,1,2,,2,,2,,1,,2,4,1,1,2
0,95,1583,0,R_cOYK0pr1CqBsNGN,2,5,5,5,5,2,2,5,5,5,5,5,4,4,4,5,5,1,1,2,"Square, with sex assigned at birth below/karyotype","Diamond with XX. If patient identifies as neither male or female, I feel that it's more respectful to draw that on the pedigree. Adding the karyotype below just makes sure that the sex is known and appropriate questions asked.","1,2,5","1,6","1,2,3,4,6","1,2,4",3,2,2,2,,,1,4,25,2017,1,2,,2,,2,,1,,1,1,1,1,2
0,95,423,0,R_2ypU4SUWqu6KLIu,5,5,5,5,5,5,4,5,5,5,5,5,5,3,4,5,4,1,1,1,"I would represent the patient as a square, and underneath write ""46,XX, FtM."" I believe this is the nomenclature recommended by the 2008 pedigree standardization paper?","I would draw the patient as a diamond, then underneath write ""46,XX."" I have no reason except that it seems to make sense to me. :-)","1,5",1,"1,2,3,4","3,4",2,1,3,2,,,1,3,31,2010,2,2,,1,,2,,1,,1,3,"1,3",1,2
0,95,844,0,R_vNPuHXWKjT6U6Ih,5,5,5,5,5,5,5,5,5,5,5,5,5,5,5,5,5,1,1,1,"Square on the outside, circle on the inside. Square for the outward appearance and what they are expressing outwardly.",Circle and write genderqueer underneath or maybe a diamond on the outside and circle on the inside. Same reasoning as above.,"1,2,5","1,6","1,2,3,4","1,2,4,5",4,1,3,2,,,1,5,29,2016,1,2,,2,,2,,1,,2,4,1,1,2
0,95,492,0,R_301PDReOp37jZDk,5,5,5,5,5,4,4,5,5,5,5,5,5,5,5,5,5,3,1,3,"Circle inside a square because biologically he was born female, but has become trans male. ","A circle because they are biolgoically born female, and notated with how they identify.","1,2,5","1,2,3,5,6","1,2,3,4","1,2,4",1,1,1,2,,,1,5,28,2015,1,2,,2,,2,,1,,1,4,3,1,2
0,95,981,0,R_dcbj5iesyDvMnkd,5,5,4,5,5,4,5,5,5,5,5,5,4,3,4,4,3,1,2,,I would draw a square on the pedigree (in keeping with gender identity) and then write assumed karotype (XX) underneath to clarify that individual is transgender. ,I am unsure how I would draw this individual on a pedigree- Not sure if it would be more appropriate to use a diamond shape with XX underneath or a circle? ,"1,5","1,2,6","1,2,3,4,6","1,2,4",2,1,2,2,,,1,4,26,2016,1,2,,2,,2,,1,,2,1,1,1,2
0,95,864,0,R_DhGNbksCXttTojv,4,4,3,4,4,3,2,4,4,4,4,4,3,4,4,4,4,2,2,,I would draw a square to represent that he identifies as a man and would write FTM underneath to denote that he is transgender. ,I would draw a diamond since the patient does not fully identify male or female and underneath I would write the karotype. ,"1,2,4,5","1,2,6","1,2,3,4","1,2,3,4",2,1,3,2,,,1,4,26,2015,1,2,,2,,2,,1,,2,6,5,1,2
0,95,792,0,R_322SX09BPppCcAc,5,5,5,5,5,5,5,5,5,5,5,5,5,4,3,4,4,1,1,2,"I would draw a circle inside of a square to represent he was assigned female at birth but identifies as male (ie, how he would like to be seen, thus that symbol is on the outside).","I am unsure how I would draw this on a pedigree but may consider drawing a diamond and then denoting ""XX"" below if it has been confirmed that this individual does have XX chromosomes.","1,2,5","1,2,5,6","1,2,3,4,6","1,2,4,5",2,1,1,2,,,1,5,26,2016,1,2,,2,,2,,1,,3,4,1,1,2
0,95,8022,0,R_241X47Eff8oNfOm,4,5,4,5,5,4,2,5,5,5,4,4,4,2,2,3,3,1,2,,"A square with a circle inside - the circle to represent his gender at birth, and the square on the outside to represent the gender he identifies with.",Probably a diamond with an explanation underneath. ,"1,5","1,2,6","1,2,3,4,6","1,2,4",2,1,2,2,,,1,3,26,2015,1,2,,2,,2,,1,,2,4,2,1,2
0,95,1948,0,R_2EsHgX1vNVJO5MX,4,5,4,4,4,2,2,4,5,5,4,4,1,2,4,5,5,1,1,1,I draw the patient as a square and then label as trans in the subtext,"I would draw the patient as a diamond. I honestly haven't encountered this situation where I had a genetic test result indicating XX, but imagine I would write in the subtext",5,"1,2,6","1,2,3,4","1,2,4",4,1,2,1,3,,1,5,53,1992,3,2,,2,,2,,1,,1,2,3,1,2
0,95,1248,0,R_SHGycNJgOEC1YDn,4,5,2,5,5,4,2,5,5,4,4,4,4,3,5,5,5,2,1,1,a circle and square together with F to M underneath for clarity. ,Diamond shape with XX underneath and word genderqueer for clarity,"1,2,5","1,2,5","1,2,3,4","1,2,4",4,1,1,1,4,,1,5,35,2009,3,2,,2,,2,,1,,3,2,1,1,2
0,95,1665,0,R_DBFcITl7OOgI2J3,5,5,5,5,5,5,5,5,5,5,5,5,5,4,4,4,4,2,2,,"I would draw this individual with a circle to indicate their sex, because this determines what appropriate counseling may be in terms of topics such as breast and ovarian-related counseling. It would be important to specify that they identify as a trans man on the pedigree, however, as well as whether or not the individual has pursued any gender affirming measures such as surgery and hormone therapy that may alter sex-based risks. I would not draw them as the shape that correlates with their gender identity because I believe this could be harmful in that if follow up counseling was provided by someone unaware of the patient's journey, who only glanced at the pedigree, they could improperly define risk for the patient based on their shape on the pedigree being discordant with sex.","The same as stated above. I think there could be argument for using a diamond to draw attention to the fact that their gender identity is different from their sex, and then indicating the details relating to gender affirming measures next to it. Perhaps this could be done for any individual who identifies as something other than their sex assigned at birth out of respect or recognition for their choice, however, I would stand by not drawing a trans man the same way that I would draw a cis man.","1,2,5","1,6","1,2,3,4","1,2,4,5",1,1,1,1,2,,1,4,25,2016,1,2,,2,,2,,1,,2,4,"1,6",1,2
0,95,7012,0,R_3Du00KHOi2fOZg0,5,5,2,4,5,1,1,5,4,4,2,2,3,2,3,4,2,2,2,,I would draw him as a square with a notation underneath that says XX since he was born female. ,"I would draw this individual as a diamond, as they may not identify as their XX sex, but I would annotate below with XX","1,2,5","2,6","1,2,3,4","1,2,4",4,1,3,2,,,1,5,24,2017,1,2,,2,,2,,1,,1,2,3,1,2
0,95,1085,0,R_DeDLVOqvF1aCLHr,5,5,5,5,5,5,5,5,5,5,5,5,5,5,5,5,5,2,2,,circle with note (XY  woman) because it reflects the phenotype accurately but contains biological information that could impact cancer risk estimates,diamond with GQXX notation because it reflects the phenotype and notes the potentially important bio-fact,"1,2,5","1,2,3,4,5,6","1,2,3,4,6","1,2,4,5",4,1,1,1,5,self-education about transgender,1,5,56,1990,4,2,,2,,2,,1,,1,4,7,1,2
0,95,637,0,R_3Oe3WXNuwXkZSJG,4,4,4,5,5,1,2,4,5,5,5,5,2,4,5,5,2,1,2,,"Circle with a square around it, and write ""FTM"" underneath it - indicates this person was ""born"" female but identifies as male.","Circle, and write under it ""genderqueer""","1,2,5","1,6","1,2,3,4","1,2,4",1,1,2,2,,,2,1,33,2009,1,2,,2,,2,,1,,2,4,4,1,2
0,95,345396,0,R_1hHc3MORXkILLC9,5,5,5,5,5,5,5,5,5,5,5,5,4,5,5,5,5,3,1,3,"I would draw a circle, surrounded by a square.",I would use a diamond and write the XX chromosomes underneath.,"1,2,5","1,3,5,6","1,2,3,4","1,2,4,5",5,1,1,2,,,1,5,26,2015,1,2,,2,,2,,1,,3,4,1,1,2
0,95,2136,0,R_1FDnKFGfrDyDDbN,5,4,5,5,4,4,4,5,5,5,4,4,4,2,5,5,5,1,2,,Square with F-&gt;M under it. Square because he identifies and is living as a man. F-&gt;M because he was assigned female sex at birth and he may still have ovaries or a uterus that may be at risk for cancer based on the family history. I also wouldn't be concerned about prostate cancer for this person. ,I would have to look up proper nomeclature but I would guess a triangle with XX under it. I triangle doesn't represent male or female and I would feel comfortable to put XX under because we have chromosomal confirmation. ,"1,2,5","2,5,6","1,2,3,4","1,2,4,5",4,1,3,2,,,1,2,35,2010,3,2,,7,I identify as a woman but I feel gender identity is more of a scale than categories ,2,,7,"Again mostly identify as heterosexual but I feel sexual orientation is a scale, not categories ",1,6,2,1,2
0,95,608,0,R_3pnAA0kheQJVgxq,2,5,4,5,4,4,4,5,5,5,4,4,4,2,3,4,4,3,2,,Square with circle inside,Diamond with XX written underneath,"1,2,5","1,4,6","1,2,3,4,5,6","1,2,3,4",5,1,1,2,,,1,3,25,2016,1,2,,2,,2,,1,,2,5,"1,6",1,2
0,95,378,0,R_2CBWUJmSPp62FZX,5,5,4,5,5,5,5,5,5,5,5,5,3,5,5,5,5,2,2,,"Square with a note about identity - I show my patients the pedigree and explain what the symbols mean, and would not want the person to see themselves represented as a woman","Diamond with a note - I show my patients the pedigree and explain what the symbols mean, and would not want the person to see themselves represented as a woman","1,2,5","1,2,6","1,2,3,4,6","1,2,4",2,1,1,1,1,,1,4,25,2017,1,2,,2,,2,,4,,1,3,3,1,2
0,95,990,0,R_xnZR3kH3zIjW14R,4,5,4,5,5,2,2,5,5,5,5,5,4,4,3,5,4,1,2,,"A circle inside a square, because the patient is genetically a female but outwardly a male",A circle with XX underneath.  I don't know how to address the genderqueer component,"1,2,5","1,2,6","1,2,3,4","1,2,3,4,5",4,1,2,2,,,1,5,29,2013,2,2,,2,,2,,1,,2,4,3,1,2
0,95,610,0,R_1ihrBBFhknyJLIA,5,5,5,5,5,2,2,5,5,5,5,5,3,5,3,4,2,1,2,,"I would probably draw a square and note underneath that the individual is a trans man, although I know there is a proper way to draw this",I would draw this as a circle,"1,2,5","1,2,6","1,2,3,4,6","1,2,4,5",4,1,2,2,,,1,4,24,2017,1,2,,2,,2,,1,,1,6,3,1,2
0,95,1176,0,R_BKaDoHMWlAi4bqp,5,5,5,5,5,5,5,5,5,5,5,5,4,4,4,4,4,1,2,,"I would likely draw the patient as a square, but note underneath something along the lines of ""trans FTM"".  I feel like using a circle would be misgendering this person.","I would likely draw the patient as a diamond, but note underneath ""XX chromosomes"".  I feel like using a circle would be misgendering this person.","1,2,5","1,2,5,6","1,2,3,4,6","1,3,4",2,1,3,2,,,1,4,32,2010,2,2,,2,,2,,3,,1,4,1,1,2
0,95,566,0,R_3nqGEMfKxPxrIs5,5,5,4,4,4,2,4,4,4,4,4,4,2,3,4,5,5,1,2,,"Would draw square for man and write 46, XX underneath symbol to indicate biological sex",I would ask how they wanted to be drawn first. Leaning more towards using a diamond and indicating XX status under symbol,"1,2,5","1,2,6","1,2,3,4,6","1,2,3,4,5",2,1,3,2,,,1,4,29,2012,2,,,2,,2,,1,,3,5,3,1,2
0,95,716,0,R_2tlZ1Vdsnt632Er,2,5,5,5,5,2,4,5,5,5,4,4,3,4,3,4,4,2,2,,As a female for the purpose of the session.,As a female based on their genetic material. ,"1,5","2,5,6","1,2,3,4","1,2,4",3,1,3,2,,,1,5,29,2014,2,2,,2,,2,,1,,2,6,1,5,2
0,95,916,0,R_rklhzknGvoEx0tj,1,5,4,4,5,1,1,5,5,5,5,5,4,2,4,5,2,1,1,3,"draw as square - in the past I have written 46,XX under but I understand this is unproven in most pts","diamond w 46, XX","1,5","1,2,6","1,3,4,6","1,2,4",2,1,1,2,,,1,5,34,,3,2,,2,,2,,1,,2,4,3,1,2
0,95,2904,0,R_2D2D8zUDiI8NthE,4,5,5,5,5,3,3,5,5,5,5,5,4,4,4,5,5,1,1,1,"Square with XX underneath. They identify as male, but the XX would incate the biologic sex",Diamond with XX underneath since they don't identify as male or female,"1,5","1,2,6","1,2,3,4,6","1,2,4,5",2,1,1,2,,,3,5,29,2011,3,2,,2,,2,,1,,2,5,2,1,2
0,95,3075,0,R_2rpg2hYJdks8j3i,4,4,5,5,4,4,4,4,4,5,5,5,5,4,4,4,4,1,1,2,"Square with ""XX"" noted underneath. Chromosomally female but gender identity/expression is male. ","triangle with ""XX"" written underneath. I've never faced this scenario but wouldn't assign circle/square to them myself if I specifically knew they identified as genderqueer","1,5",7,"1,2,3,4","1,2,4",5,1,1,2,,,1,5,29,2012,2,2,,2,,2,,1,,3,6,1,1,2
0,95,843,0,R_6Rtof0AWSrDPmBb,5,5,5,5,5,5,4,5,5,5,5,5,5,4,5,5,5,1,1,2,Draw a circle and a square and label with FTM ,Draw a diamond with label BioXX ,"1,2,5","1,3,5,6","1,2,3,4","1,4,5",2,1,1,1,5,CME talks,1,5,52,1990,4,2,,2,,2,,1,,1,6,2,1,2
0,95,683,0,R_3Rz0TrlQ3OuLxgg,5,5,5,5,5,4,4,5,5,5,5,5,4,4,4,5,5,1,2,,I would draw a circle with a square around it to indicate the biological sex as female and the expressed identity as male,The same as above. Inner circle reflecting the biological sex surrounded by a square indicating the expressed male gender,"1,2,5","1,2,6","1,2,3,4,6","1,2,4",4,1,3,2,,,1,5,42,2001,3,2,,2,,2,,1,,2,5,4,1,2
0,95,962,0,R_3HB25IXccWoceCo,2,3,4,3,5,2,1,5,5,5,5,5,2,5,3,5,3,1,1,1,male symbol with XX written underneath,diamond symbol with XX written underneath. reason - pt does not identify as male or female,"1,5",6,"1,2,3,4","1,2,4",4,1,1,2,,,2,4,46,1995,4,2,,2,,2,,1,,2,6,7,1,2
0,95,7967,0,R_vUYKxlXkC56EXCN,2,4,3,4,5,4,2,4,5,5,5,5,2,3,4,5,2,2,2,,As a square with F&gt;M written underneath. Because I think it is important to have the patient see that you are respecting their identity,"As a diamond with 46, XX written below, and possible the word genderqueer.","1,5","1,2,6","1,2,3,4","1,2,4",2,1,1,2,,,1,4,28,2014,1,2,,2,,2,,1,,2,6,3,1,2
0,95,620,0,R_3MKZRMLce3T4LgT,5,4,4,5,5,5,3,5,5,5,5,5,5,4,4,4,4,1,1,2,A circle inside of a square to represent inner sex and outer gender per more updated pedigree recommendations.,"Diamond outside with circle inside and 46,XX written below since it seems that a Karyotype has confirmed this. Again reflecting outer gender and inner sex.","1,5","1,2,5,6","1,2,3,4","1,2,3,4",2,1,2,2,,,1,5,29,2013,2,2,,2,,2,,1,,2,4,1,1,2
0,95,556,0,R_3dLgzIA7zFmrRtZ,4,4,4,5,5,4,4,5,5,5,5,5,4,4,5,5,5,3,1,1,Square with a circle inside or a circle and write below it transmale,"a circle, if they've had chromosomes done i would include that below","1,2,5","1,2,6","1,2,3,4","1,2,3,4",4,1,1,2,,,1,4,32,2011,3,2,,2,,2,,1,,1,4,2,1,2
0,95,618,0,R_216zvQkzRLyP6Xe,5,5,5,5,5,4,4,5,5,5,5,5,5,4,4,4,4,2,2,,"use square icon to indicate patient as male, but label with 46,XX to indicate (presumed) chromosomal makeup","perhaps use diamond icon (?) and label with 46,XX","1,2,5","1,2,6","1,2,3,4","1,2,4",2,1,3,2,,,1,4,33,2012,1,2,,2,,2,,1,,1,2,1,1,2
0,95,724,0,R_3FP3S7OVMDEOZmV,4,5,4,4,5,4,2,5,5,5,5,5,4,4,4,5,5,2,2,,I would draw a circle surrounded by a square to indicate sex is female but gender is male.  ,I would draw a circle surrounded by a diamond to indicate biologica sex is female but gender is nonbinary.,"1,2,4","1,2,5,6","1,2,3,4","1,2,3,4,5",5,1,2,2,,,1,5,36,2006,1,2,,2,,2,,1,,3,3,2,1,2
0,95,414,0,R_1OIeIs2nINCI5eV,5,5,5,5,5,4,4,5,5,5,5,5,4,4,4,4,4,1,2,,"I would draw a male square, but then maybe underneath put a XX.",I would put a female circle due to the XX,"1,2,5","1,2,6","1,2,3,4,5","1,2,3,4,5",2,1,3,2,,,1,2,24,2017,1,2,,2,,2,,1,,1,5,1,1,2
0,95,1202,0,R_OD3lzAfxp6BIbhn,4,5,5,4,5,4,4,5,5,5,4,4,4,4,5,4,4,1,2,,"Draw as female (circle) and write FTM next to the circle; since this individual would still have female organs (ovaries and breasts), which would impact potential screening recommendations","I would draw a female (circle) and write ""genderqueer"" next to the circle to indicate the patient does not entirely identify  with female gender ","1,2,5","1,2,6","1,2,3,4,6","1,2,4,5",1,1,3,2,,,1,4,30,2015,1,2,,2,,2,,1,,2,4,1,1,2
0,95,711,0,R_USDqy2GWW3yfWUh,5,4,3,4,5,4,4,4,4,4,4,4,3,4,5,4,4,3,1,1,"Ideally on paper, square with circle inside.  Indicating the outward gender of male with the ""inward"" biological sex.  The pedigree software we use does not allow for this type of symbol so I use the gender the patient identifies as with, in this case square; with 46 XX to demonstrate biological sex.",I would ask the patient what they wanted me to do.  ,"1,5","1,6","1,2,3,4,6","1,2,3,4,5",2,1,3,2,,,1,5,30,2015,1,2,,2,,2,,1,,3,3,2,1,2
0,95,616,0,R_3kdp6bChYxO1MzS,5,5,4,5,5,5,5,5,5,5,5,5,4,5,5,4,5,1,1,2,"Since there is no standardized symbology for trans patients, I have come up with my own: I put the symbol for the gender assigned at birth inside the individual's gender after transitioning. So in this case, I would put a circle inside a square. I would also make a notation of what this means for any other providers who need to look at the pedigree. ","I would likely use the neutral diamond symbol, and put 46,XX below it. I would also add a notation in the pedigree or chart note that the individual identifies as genderqueer","1,2,5","1,2,6","1,3,4,6","1,2,4,5",2,1,2,1,5,Undergraduate training as an LGBTQ peer counsellor; training at Planned Parenthood as a counsellor,1,5,36,2014,1,2,,2,,2,,3,,1,4,1,1,2
0,95,725,0,R_4PdyyzgDZk0GUTL,4,5,4,5,5,4,4,5,5,5,5,5,4,4,5,5,5,1,1,2,I would draw a solid line circle to indicate the biological gender as female and a dash box around it to show the gender identify as male. Underneath I would write trans man.,"I would draw a diamond and note underneath the symbol ""born with XX, genderqueer""",1,"1,2,6","1,2,3,4,5","1,2,4",4,1,1,1,"1,2",,1,5,27,2014,2,2,,2,,2,,1,,1,4,2,1,2
0,95,610,0,R_Wicu4mO5oWjfpsJ,1,5,4,5,5,1,1,4,4,5,5,5,3,4,2,4,3,1,2,,"Circle inside a square. Biologically a female but transitioned (current gender) to male - so on the ""outside""",I have no idea.,"1,2,5","1,2,6","1,2,3,4","1,4",2,1,2,2,,,1,2,42,2001,4,2,,2,,2,,1,,2,4,7,1,2
0,95,6761,0,R_3qpywOYFz0LDqqa,4,5,4,4,4,4,4,5,5,4,3,3,4,4,3,2,2,1,2,,I would draw a square to represent my patient's gender identity.,"I would not be comfortable with any of the standard pedigree symbols (circle, square or diamond). I may have to draw a circle, ask preferred pronoun and note underneath preferred pronoun.","1,5","1,2","1,2,3,4,6","1,2,4",5,1,2,2,,,1,5,45,2002,4,2,,2,,2,,1,,2,1,1,,
0,95,18046,0,R_vYShap8evBVHR4J,4,5,4,5,5,4,2,5,3,5,4,4,5,3,4,5,2,2,2,,"Circle surrounded by square, born ""female""",Triangle for unspecified gender with xx inside,"2,4",7,"1,2,3,4","1,2,4",5,1,3,2,,,1,3,57,1988,4,2,,2,,2,,1,,1,4,"1,3,6",1,2
0,95,874,0,R_3O8u4yz9VzBgnaO,1,4,2,4,5,2,2,5,5,5,4,4,4,4,4,5,4,1,1,2,"square with 46, XX underneath (if have chromosome results) or note ""transgender FTM"" underneath",circle inside a square with XX underneath? Guessing.,"1,5","1,6","1,2,3,4,6","1,2,3,4",2,1,3,2,,,1,5,33,2008,3,2,,2,,2,,1,,2,3,3,1,2
0,95,1002,0,R_28BTwaV8dBPi28A,4,5,5,5,5,3,5,5,5,5,5,5,4,5,5,5,5,1,1,2,square with a circle inside (outside symbol to designate that the person identifies as male),diamond with a circle inside (outside symbol to designate that the person does not identify as male or female),"1,2,5","1,6","1,3,4,6","1,2,3,4",1,1,2,2,,,1,5,48,2000,2,2,,2,,2,,1,,2,5,7,1,2
0,95,3099,0,R_2OGUBvJ9T0O6Iif,3,5,3,4,5,3,1,5,5,5,4,4,2,3,2,4,3,2,2,,"At first I was going to say that I would draw a circle because he is XX, and the symbols on the pedigree are important to tracking inheritance (ie X-linked). However, if I wasn't particularly concerned about X-linked conditions or this wasn't the focus of our session, I'm now thinking that I might draw a square mostly to maintain rapport and not offend. Depending on the indication, I might go correct it later. ","I would probably draw this as a circle, but depending on the psychosocial aspects of the session, it might be better to draw as a diamond and write XX underneath.","1,2,5","1,6","1,2,3,4","1,2,4",4,1,3,2,,,1,5,26,2015,1,2,,2,,2,,1,,2,5,1,1,2
0,95,1227,0,R_1LXn3NP8HLG0ypJ,2,1,1,1,1,1,3,1,1,2,2,2,3,4,5,5,5,2,1,2,unknown ,unknown,"1,2,5",6,"1,2,3,4","1,2,4,5",5,1,3,2,,,1,5,28,2016,1,2,,2,,2,,1,,1,5,7,1,2
0,95,1323,0,R_1ovjqrZN1hSeCAx,2,4,4,4,5,2,2,5,5,5,5,5,4,4,5,5,5,2,1,1,"Square with ""FTM"" letters below it",unsure,"1,2,5","3,5,6","1,2,3,4","2,4",4,1,2,2,,,1,5,29,2013,2,2,,2,,2,,1,,1,4,2,1,2
0,95,3940,0,R_2Ymq3UUBVYHz7He,4,5,5,5,5,2,1,5,5,5,4,4,4,4,2,5,4,2,1,2,"a circle inside a square; per Bennett's Practical guide to the Genetic Family History, 2nd edition, which we used in school","a circle, probably with a note underneath on how they prefer to be referred to; I have no information about any biological changes to their sex characteristics that would necessitate representation in the symbology itself","1,2,5","1,2,6","1,2,3,4,6","1,2,4",2,1,1,1,3,,1,4,29,2012,2,2,,2,,2,,1,,1,5,2,1,2
0,95,338,0,R_1LzX8Clxj28olXe,4,4,4,4,4,3,2,4,4,4,4,4,3,4,5,5,4,2,2,,"square and I would write 46, XX underneath. This would allow me to know their gender and then their genetic sex. Knowing 46, XX would allow me to recall that the person likely was born with ovaries. ",diamond maybe or I would ask their preference,"1,2,5","1,2,6","1,2,3,4","1,2,4",4,1,3,2,,,1,5,27,2014,2,2,,2,,2,,1,,2,4,1,1,2
0,95,508,0,R_2U5ijSxi1jkAIa6,4,5,5,5,5,4,4,5,5,5,4,4,4,3,4,5,5,1,1,1,Circle on inside with square on outside. Inside is what sex person is born with (female) and outside is their current identity (male). I would also probably write XX underneath to remind myself.,Diamond and write XX underneath. Diamond used to not commit them to one sex or the other.,"1,2,5","1,2,6","1,2,3,4,6","1,2,4",4,1,3,2,,,1,4,25,2016,1,2,,2,,2,,1,,2,2,1,1,2
0,95,535,0,R_28RJH1HO427fWEZ,4,5,4,4,4,4,4,4,4,4,4,4,4,2,2,2,3,1,2,,Draw a square but indicate 46 XX underneath. I believe this is standard documentation for transgender individuals,"Draw a diamond, write genderqueer and 46 XX underneath. ",1,"2,4,6","1,2,3,4,6","1,2,4",1,1,1,1,"2,3",,1,3,26,2016,1,2,,2,,2,,1,,2,,2,2,2
0,95,590,0,R_1dAi1XCQM2NPsOZ,4,5,5,5,5,4,2,5,5,5,5,5,4,5,4,4,4,1,1,1,I don't know,As a circle to denote the female based on XX chromosomes,"1,2,5",6,"1,2,3,4","1,2,4",5,1,1,2,,,1,4,40,2003,4,2,,2,,2,,1,,1,3,1,1,2
0,95,894,0,R_28ZOibpII9eEKuy,5,5,5,5,5,4,4,5,5,5,5,5,5,5,4,5,5,1,2,,"In the past, I would likely draw them based on sex assigned at birth with details (FTM, MTF, etc. underneath with any details regarding surgeries, hormone use, etc., that may influence cancer risk/management). I recently learned about the convention used by some for trans people, though have not yet needed to use it and would probably have to look it up to make sure i was using it correctly. However, because our pedigree drawing program doesn't incorporate this as an option, when using that program and not handwriting a pedigree, I'd use my old way of documenting trans people. ","Would draw them as a female/circle on the pedigree. I may write in underneath how they identify, but would likely draw them as their assigned sex at birth on the pedigree. ","1,2,5","2,5,6","1,2,3,4","1,2,4",5,1,1,2,,,1,5,31,2012,2,2,,2,,2,,1,,3,6,1,1,2
0,95,1144,0,R_a8GcAX32mb9xTUZ,5,5,5,5,5,5,5,5,5,5,5,5,5,4,5,5,5,1,2,,Square (to represent the individual's gender identity) with a circle inside (to represent sex) with a notation of transgender female to male below (to be clear with other providers),"A diamond (to represent genderqueer) with a circle inside (to represent sex) with with genderqueer, 46xx noted below (if actual karyotype is known)  ","1,5","1,2,5,6","1,2,3,4,6","1,2,4,5",2,1,1,1,"1,4",,1,4,26,2016,1,2,,2,,2,,1,,1,2,2,1,2
0,95,1037,0,R_cHe8y1brtI3vu9P,5,4,4,5,5,4,4,4,5,5,4,4,4,4,4,5,5,1,2,,A circle inside of a square since he was born female and presents as male,"A diamond with 46, XX underneath.  When put on the spot I feel this would be the best way for me to remember what I was referencing.","1,5","1,2,6","1,2,3,4,6","1,2,3,4",2,1,2,1,5,Case review with a transgender clinic,1,5,28,2013,2,2,,2,,2,,1,,1,2,3,1,2
0,95,766,0,R_2rlntPHNNs8L9B2,4,5,5,5,5,4,2,5,5,5,5,5,5,4,5,5,5,1,2,,square with comment below about birth gender; I believe I've read this is the standard,"circle with no comment, unless it seemed necessary/appropriate.","1,5","1,6","1,2,3,4","1,2,4",2,1,2,1,5,My own reading,1,3,59,1984,4,1,,1,,,,2,,2,4,1,1,2
0,95,573,0,R_RVUKwwbo8LiN0iZ,5,5,5,5,5,4,4,5,5,5,5,5,4,4,4,4,4,2,1,2,square with notation of born sex xx,unsure how i would draw,"1,2,5","1,2,5,6","1,2,3,4,6","1,2,3,4",5,1,1,1,3,,1,5,36,2007,4,2,,2,,2,,1,,1,6,3,1,2
0,95,627,0,R_3PzbhGtu8cekAlU,4,4,2,4,4,4,2,4,4,4,4,4,4,4,4,4,4,1,1,3,A circle in the middle with a square outside to represent how he identifies,a circle in the middle with a diamond on the outside ,"1,2,5","1,2","1,2,3,4,6","1,2,4,5",4,1,2,2,,,1,4,35,2007,4,2,,2,,2,,1,,2,6,3,1,2
0,95,417,0,R_2Pbp4e5ZbbCzRFf,4,5,5,5,5,4,4,5,5,4,4,4,4,4,4,4,4,2,1,4,I would draw it as a male because that is the identification.  The clinical notes would be more detailed.,I would draw it a female.  The clinical notes would be very detailed.  I usually ask the patient specifically how they identify and how they want to be addressed,"1,2","1,3,5","1,2","1,2,3,4",1,1,1,1,"2,3,4",,1,5,56,1991,4,2,,2,,2,,1,,1,4,1,1,2
0,95,1750,0,R_vkKnPzewqdKQT9D,4,5,5,5,5,3,4,5,5,5,5,5,4,5,5,5,5,2,2,,"As a female, but I would document the situation clearly. I would also explain this to the patient. In the cancer setting, the risk for cancer depends on biological gender, and therefore in order to appropriately document the individual's risk for cancer, biological gender is necessary. ",Same answer as above (female). However I would explain the situation to the patient and document the circumstances clearly in the note. ,"1,2,5","1,2,6","1,2,4,6","1,2,4",2,1,1,2,,,3,5,25,2017,1,2,,2,,2,,1,,1,6,1,1,2
0,95,1066,0,R_12QOaRLGeVW2tJP,3,5,3,3,5,3,2,5,5,5,4,4,3,2,2,5,4,1,2,,"unsure, not aware of standard format. For my own notation, circle inside of square with male symbol to clarify pt identifies as male",draw as circle with clarification of not identifying as male or female,"1,2","1,6","1,3,4,6","1,4",4,1,3,2,,,1,5,24,2017,1,2,,2,,2,,1,,2,4,2,1,2
0,95,563,0,R_2QmvBNFFPFgWU3n,2,5,4,5,4,1,1,4,4,4,4,4,4,4,5,5,5,1,2,,Would draw as a female and would write male under,Would draw as female and would write other info below,"1,5","3,5","1,2,4","1,2,4",5,1,3,2,,,1,2,36,2005,1,2,,2,,2,,1,,2,2,2,1,2
0,95,1131,0,R_23Ts7p6glCuWGiP,4,5,4,4,5,4,2,5,5,5,5,5,4,5,4,4,5,1,2,,"Small circle inside of a larger square (exterior is male), or just a square, with ""trans male"" written underneath. Would want to make note in case the person still has certain female organs which may require increased cancer screening","circle - reflective of at-risk organs, or exterior as diamond with circle inside","1,2,5","1,6","1,2,3,4,5","1,4",2,1,1,1,1,,1,5,32,2011,2,2,,2,,2,,1,,2,4,1,1,2
0,95,767,0,R_p0M4QGEF2j5IASt,5,5,5,5,5,5,2,5,5,5,5,5,5,4,4,4,4,3,1,2,"We use progeny only so would draw a square with 46, XX underneath in the text.","Would ask the person if they identify as male or female first.  We use progeny so would draw either a circle or square depending on how they identifiy themselves and then put 46, XX underneath in the text.","1,2,5","1,2,5,6","1,2,3,4","1,2,3,4,5",2,1,2,2,,,1,3,38,2004,4,2,,2,,2,,1,,1,1,7,1,2
0,95,932,0,R_p5ZbYLPKi9lPowp,4,5,4,4,5,4,2,5,5,5,4,4,2,3,3,5,5,1,2,,Circle inside of a square because I think this has been documented as the preferred way to draw the symbol and because the patient identifies as a male I would want that symbol to be larger. ,A circle inside of a diamond because diamonds are used to show unknown or a neutral gender and a circle to show that the patient was born female.,1,"1,6","1,2,3,4","1,2,4",5,2,3,2,,,3,3,27,2015,1,2,,2,,2,,1,,2,2,1,1,2
0,95,595,0,R_BDRTzFTzVKyyUql,4,4,3,4,4,3,4,4,4,4,4,4,3,3,4,4,3,1,2,,A square with the letters FtM underneath (female to male). That is what I was taught in an LGBTQ workshop,"A circle with the word genederqueer underneath, as that is how the individual expressed how they identified themselves","1,2,5","1,5,6","1,2,3,4,6","1,2,3,4",3,1,3,1,1,,1,3,30,2015,1,2,,2,,2,,1,,2,2,2,1,2
0,95,2499,0,R_3oI4S5MiBO0n4CX,5,5,5,5,5,5,5,5,5,5,5,5,5,4,5,5,5,1,2,,"I would draw it as a square and probably write ""trans female to male"" underneath. I feel like this would be more respectful than writing a diamond, since it would acknowledge his chosen gender. ","I would write it as a diamond and write ""46,XX"" underneath since neither the square or circle would capture this person's gender identity.","1,5","1,2,6","1,2,3,4,6","1,2,4",1,1,1,1,"1,5",webinar,1,4,33,2016,1,2,,2,,2,,1,,1,3,7,1,2
0,95,833,0,R_dnA6WVlqpeklhkt,1,5,4,4,2,2,2,5,5,5,5,5,4,4,4,5,5,2,1,2,I use a square since he identified as male but write in XX to know that genetically female.,"As a circle, since genetically person is female. ","1,5","1,2,6","1,2,3,4","1,2,4,5",1,1,1,2,,,1,4,37,2005,3,2,,2,,2,,1,,1,1,2,1,1
0,95,1983,0,R_3LiHiaQAEN1PUuG,5,5,5,5,5,4,4,5,5,5,5,5,5,4,4,4,4,2,1,1,"For the one patient I have seen who identified as transgender male, I drew a square and wrote 46 XX to note that the patient was biologically female.  In the future I will also write in words ""transgender male"" to further clarify.  ",I would use a diamond and write 46 XX and write genderqueer or non-binary to indicate that the patient does not identify as male or female.,5,"1,2,6","1,2,3,4,6","1,2,4,5",1,1,3,2,,,1,5,36,2010,2,1,,1,,1,,1,,2,3,"3,6",1,2
0,95,555,0,R_1n2SK8WMTT2FcKu,5,5,5,5,4,2,2,5,5,5,5,5,2,2,3,5,5,1,2,,"I am honestly unsure. Recently saw a thread on the cancer SIG about this very topic, and it seems that people are doing different things (circle inside square or vice versa most common). ","On the pedigree would probably still indicate circle for female sex, since genderqueer is more gender identity.","1,5","1,6","1,2,3,4","1,2,3,4",4,1,2,2,,,1,4,25,2017,1,2,,2,,2,,1,,1,4,"1,2",1,2
0,95,3323,0,R_3PHSeTWAjucVqgQ,2,5,4,4,4,2,2,5,5,5,5,5,4,4,4,5,5,1,2,,"Square outside of circle, notated underneath ""FTM""","Square outside of circle, notated underneath ""FTM, 46,XX""","1,2,5","1,6","1,2,3,4","1,2",2,1,3,2,,,1,2,44,1998,2,2,,2,,2,,1,,1,4,3,1,2
0,95,653,0,R_56kU9F7DldO654R,2,5,5,5,5,5,2,5,5,5,5,5,5,3,2,2,2,1,2,,"A square with the karyotype 46, XX underneath to indicate biological sex. Shows patient's preferred gender as male but also lists biological sex","A diamond with karyotype 46, XX written underneath. ","1,2,5","1,5,6","1,3,4,6","1,2,4",4,1,3,2,,,1,2,27,2013,1,2,,2,,2,,1,,2,4,6,1,2
0,95,451,0,R_2z7jUb1ZyPUTQ42,5,5,5,5,5,4,4,5,5,5,5,5,4,2,4,5,5,2,2,,As a square with XX below or within the square. ,"I would draw a circle because from a cancer risk persepctive, being genderqueer would not impact risk. ","1,2,5","1,2,6","1,2,3,4,6","1,4",2,1,2,2,,,1,3,28,2015,2,1,,1,,1,,2,,1,5,1,1,2
0,95,303,0,R_1zdDpWvl821XN4t,2,2,2,2,4,1,1,4,5,4,4,4,4,4,4,4,4,1,1,1,Circle with Square inside ,Female ,6,7,"1,2,3,4","1,2,4",4,1,2,2,,,1,2,31,2012,2,2,,2,,2,,1,,2,2,5,1,2
0,95,1161,0,R_3HiSX2inEwDAhqk,5,5,4,5,5,4,4,5,5,5,5,5,5,4,4,5,5,1,2,,"A square, with XX underneath. A square to respect identity, and XX to denote sex assigned at birth. ","Diamond, with XX underneath. Diamond to respect the individual's genderqueer identity, but also XX noted for sex assigned at birth. ","1,5","1,6","1,2,3,4,6","1,4",4,1,3,1,"1,3",,1,5,24,2018,1,2,,2,,2,,1,,2,4,7,1,2
0,95,660,0,R_2afMUlIrmsy7Toe,5,5,4,4,5,4,4,5,5,5,4,4,3,4,4,3,2,2,2,,"I would draw a square, with trans man written underneath",I would draw a diamond with XX written underneath,"1,2,5",6,"1,2,3,4","1,4",4,1,3,1,1,,1,4,26,2017,1,2,,2,,2,,1,,2,2,2,1,2
0,95,1787,0,R_1N4RsmakSRWkp4l,4,5,5,5,5,4,2,5,5,5,5,5,4,4,2,1,1,3,1,2,"square with 46,XX underneath","diamond with 46,XX underneath","1,2,5","1,2,5,6","1,2,3,4,6","1,2,4,5",4,1,3,2,,,1,5,42,2002,4,2,,2,,2,,1,,2,3,7,1,2
0,95,901,0,R_2dLTTnHzHAqdF7C,4,5,5,5,5,5,5,5,5,5,5,5,5,4,4,5,5,2,2,,I would draw this patient as male and write FTM underneath., I would draw this patient as a female.,"1,2,5","1,2,6","1,2,3,4","1,2,3,4",4,1,2,2,,,1,2,25,2017,1,2,,2,,2,,1,,2,1,1,1,2
0,95,831,0,R_3irpVhFhs5YWVIo,3,5,3,5,5,4,5,5,5,5,3,3,3,4,4,5,5,3,1,2,"circle for assigned female at birth because cancer risks relate to breast; uterus, ovarian etc not prostate ","circle for assigned female at birth because cancer risks relate to breast; uterus, ovarian etc not prostate ","1,5",6,"1,2,3,4","1,2",1,1,3,2,,,1,4,32,2010,3,2,,7,,2,,1,,2,4,"2,4,7",2,2
0,95,767,0,R_3fZwxLeVk1Ku2Uh,4,5,4,5,5,4,4,5,5,5,5,5,5,4,3,5,5,3,2,,Square with XY notation ,Diamond with XX notation,"1,5","1,2,6","1,2,3,4,6","1,2,4,5",4,1,3,2,,,1,4,35,2009,3,2,,2,,2,,1,,2,3,7,1,2
0,95,708,0,R_xtQKQ48mApchjZD,1,5,5,5,5,1,1,5,4,5,4,4,2,5,5,5,5,3,2,,"circle with note below that individuals is a trans man. For risk assessment, this individual would have risks same as female.  Would also consider drawing a square and writing a note below.","Circle with note below that individuals is XX.  Again, for risk assessment purposes, this individual would have same risks as a female.","1,2,5","1,5,6","1,2,3,4","1,2,4",3,1,2,2,,,1,4,30,2011,1,2,,2,,2,,1,,2,3,2,1,2
0,95,710,0,R_wYtWYmrAT9GZRSh,4,5,5,5,5,4,4,5,5,5,5,5,5,4,5,5,5,3,2,,"square with XX written underneath. I believe standard pedigree nomenclature would be to draw a square with a circle inside for this patient, but I find that can be confusing ",A diamond with XX underneath to note the patient's phenotypical sex and the diamond to represent their gender identity as not fully male and not fully female,"1,2,4","1,2,6","1,2,3,4,6","1,2,4",1,1,3,2,,,1,2,28,2014,2,2,,2,,2,,1,,2,4,2,1,2
0,95,483,0,R_pfUGRBqtCInVBrb,4,5,5,5,5,4,4,5,5,5,5,5,4,3,4,4,4,1,2,,"I would draw a square with a circle inside (presents as male on outside, but is internally female)","I would draw a cicle within a diamond, and denote ""XX"" underneath if chromosomes were actually done (and not assumed to be XX)","1,5","1,2,6","1,2,3,4,6","1,2,4",4,1,1,2,,,1,4,37,2012,2,2,,2,,2,,1,,2,3,1,1,2
0,95,7229,0,R_ODUMHb2NatYxMmB,3,4,3,4,5,4,4,5,4,5,5,5,3,2,4,4,4,2,2,,I have no idea. Probably has a square and then right his chromosomes underneath,Not sure,3,"3,5,6","1,3,4","1,2,4",2,1,2,2,,,1,4,24,2017,1,2,,2,,2,,1,,2,5,3,1,2
0,95,536,0,R_2R3ABUSxYXPKnmC,4,5,4,4,5,4,4,5,5,5,5,5,3,5,5,5,5,3,1,2,"A large square with a circle inside of it. I would also probably write a descriptor as well such as ""male born female"". I would draw it this way because I believe this is the correct way to draw a trans individual - their identified gender as the larger symbol with their sex inside.",A circle ,"1,2,5",6,"1,3,4","1,2,4",1,1,2,2,,,1,5,34,2008,3,2,,2,,2,,1,,3,2,1,1,2
0,95,1083,0,R_e8wzzdX5liGeztf,4,5,5,5,5,4,4,5,5,5,5,5,5,4,5,2,4,3,1,2,I typically draw the symbol of the gender the patient identifies with so in this case a square and usually not MTF or (F--&gt;M) in a comment under the symbol.,"I would again, draw the the patient identifies with so in think case, a diamond would seem most appropriate and note ""46,xx"" underneath if the karyotype is truly known.","1,4,5","1,2,6","1,2,3,4,6","1,2,4,5",2,1,3,2,,,1,4,33,2011,2,2,,2,,2,,1,,1,1,2,1,2
0,95,4303,0,R_2bPKIwkeggKjIfR,2,4,2,4,5,2,2,4,5,4,2,2,4,4,5,5,5,2,2,,A circle with a square outside....Makes sense to draw it with how they feel being on the outside,"a diamond with 46,XX underneath; since we've confirmed the chromosomes i'd put that on there but leave it a diamond as gender unknown","1,5","1,6","1,2,3,4","1,2,4,5",2,1,2,2,,,3,2,31,2010,2,2,,2,,2,,1,,2,3,1,1,2
0,95,793,0,R_vSvIxPNtcUXFYuR,5,5,5,5,5,5,5,5,5,5,5,5,5,4,4,4,4,2,2,,circle inside of a square,probably a diamond with XX written underneath. this seems the best way to differentiate between the two sexes,"1,4,5",6,"1,2","1,4",1,1,3,2,,,1,4,32,2012,1,2,,2,,2,,1,,2,2,1,1,2
0,95,4395,0,R_z9ga8LN5ZW7Pawh,5,5,3,5,5,3,5,5,5,5,5,5,3,4,4,4,4,3,2,,"Would use a male symbol pedigree box and put 46,XX in the upper right corner",Would use a circle,"1,2,5","1,2,6","1,2,3,4,6","1,2,4",2,1,1,2,,,1,4,28,2013,2,1,,1,,1,,2,,1,5,1,1,2
0,95,715,0,R_esLD3VNDiIwdY2h,5,5,5,5,5,5,1,5,5,5,5,5,5,4,5,5,5,3,1,2,"A square with a circle on the interior.  He is presenting externally as a male, but was assigned the sex female at birth and may have female reproductive organs and breast tissue which will be important in cancer risk assessment.  ","A diamond with a circle on the interior.  This person's presenting gender is undefined, but was assigned the sex female at birth and may have female reproductive organs and breast tissue which will be important in cancer risk assessment.  ","1,2,5","1,2,6","1,2,3,4","1,2,4,5",2,1,1,1,1,,1,5,29,2015,2,2,,2,,2,,1,,1,2,2,1,2
0,5,65,0,R_9H1NIxtT0Qqdho5,,,,,,,,,,,,,,,,,,,,,,,,,,,,,,,,,,,,,,,,,,,,,,,,,,
0,24,153,0,R_eA100BsnPSvCj7j,4,5,5,5,5,1,1,5,5,5,5,5,5,4,5,5,5,1,1,2,,,,,,,,,,,,,,,,,,,,,,,,,,,,,,
0,24,172,0,R_0SPkv5a85yvdRkt,4,5,4,4,4,3,4,5,5,5,5,5,4,3,4,5,5,2,2,,,,,,,,,,,,,,,,,,,,,,,,,,,,,,,
0,3,26,0,R_2789f72pHNC6o8L,,,,,,,,,,,,,,,,,,,,,,,,,,,,,,,,,,,,,,,,,,,,,,,,,,
0,3,26,0,R_26nGm88PwiVqC7X,,,,,,,,,,,,,,,,,,,,,,,,,,,,,,,,,,,,,,,,,,,,,,,,,,
0,14,109,0,R_1nNN2EkukxL3iwo,5,5,5,5,5,5,5,5,5,5,5,5,5,5,1,1,1,,,,,,,,,,,,,,,,,,,,,,,,,,,,,,,,,
0,14,98,0,R_OfDNquL89qfBN7j,4,5,5,5,5,4,5,5,5,5,5,5,4,4,3,4,4,,,,,,,,,,,,,,,,,,,,,,,,,,,,,,,,,
0,3,16,0,R_3KNmKyoF0gJzQ5K,,,,,,,,,,,,,,,,,,,,,,,,,,,,,,,,,,,,,,,,,,,,,,,,,,
0,5,549,0,R_1eWw2FsW0tn449j,,,,,,,,,,,,,,,,,,,,,,,,,,,,,,,,,,,,,,,,,,,,,,,,,,
0,24,115,0,R_Oec2RzFIhJwnJ2V,5,5,5,5,5,5,5,5,5,5,5,5,5,5,5,5,5,3,1,2,,,,,,,,,,,,,,,,,,,,,,,,,,,,,,
0,24,95,0,R_3HOKLtuDiIDRJuh,4,5,5,5,5,4,4,5,5,5,5,5,4,5,4,5,4,3,1,1,,,,,,,,,,,,,,,,,,,,,,,,,,,,,,
0,3,1747,0,R_1ohDVK0VCeLEFTz,,,,,,,,,,,,,,,,,,,,,,,,,,,,,,,,,,,,,,,,,,,,,,,,,,
0,14,128,0,R_28HzVJsI3BPpuuM,5,5,5,5,5,5,5,5,5,5,4,4,5,4,5,5,5,,,,,,,,,,,,,,,,,,,,,,,,,,,,,,,,,
0,36,113,0,R_ekRm8EsU2efrndX,5,5,5,5,5,4,4,5,5,5,5,5,4,3,5,5,5,2,2,,,,,,,,,,,,,,,,,,,,,,,,,,,,,,,
0,8,77,0,R_2do0EN97esfk2Pp,4,4,4,4,4,2,2,4,4,4,4,4,4,,,,,,,,,,,,,,,,,,,,,,,,,,,,,,,,,,,,,
0,5,18,0,R_1dukBIHTFVJEwWj,,,,,,,,,,,,,,,,,,,,,,,,,,,,,,,,,,,,,,,,,,,,,,,,,,
0,24,422,0,R_3kLCyzXfEhqQJ9h,5,5,5,5,5,5,5,5,5,5,5,5,4,4,5,5,5,1,2,,,,,,,,,,,,,,,,,,,,,,,,,,,,,,,
0,24,196,0,R_332SpTAVF0yDbpv,1,5,1,2,4,1,2,5,4,4,4,4,1,3,4,2,2,1,2,,,,,,,,,,,,,,,,,,,,,,,,,,,,,,,
0,8,454,0,R_2SIjzJvMx6bKWI3,1,1,1,1,1,1,1,1,1,1,1,1,1,,,,,,,,,,,,,,,,,,,,,,,,,,,,,,,,,,,,,
0,3,39,0,R_3QXjge7mBlAlwsd,,,,,,,,,,,,,,,,,,,,,,,,,,,,,,,,,,,,,,,,,,,,,,,,,,
0,8,9350,0,R_1dz8cnc83SONMC1,2,5,5,5,5,2,4,5,5,5,5,5,5,,,,,,,,,,,,,,,,,,,,,,,,,,,,,,,,,,,,,
0,5,20,0,R_vOix3wC4nJSuudz,,,,,,,,,,,,,,,,,,,,,,,,,,,,,,,,,,,,,,,,,,,,,,,,,,
0,3,14,0,R_31gW3Bex1Y3ZSek,,,,,,,,,,,,,,,,,,,,,,,,,,,,,,,,,,,,,,,,,,,,,,,,,,
0,5,4621,0,R_3qffpH8UAZUdTdQ,,,,,,,,,,,,,,,,,,,,,,,,,,,,,,,,,,,,,,,,,,,,,,,,,,
0,24,62,0,R_2bUWU6KA2zwGXIg,5,5,5,5,5,5,5,5,5,5,5,5,5,5,5,5,5,1,2,,,,,,,,,,,,,,,,,,,,,,,,,,,,,,,
0,3,3846,0,R_xaanZQSmJKFGm0V,,,,,,,,,,,,,,,,,,,,,,,,,,,,,,,,,,,,,,,,,,,,,,,,,,
0,5,100,0,R_2UfI6iWmsM6HyQa,,,,,,,,,,,,,,,,,,,,,,,,,,,,,,,,,,,,,,,,,,,,,,,,,,
0,24,120,0,R_aY4MXGyFUCFEJax,4,4,4,4,4,4,4,4,4,4,4,4,4,4,5,5,5,3,1,2,,,,,,,,,,,,,,,,,,,,,,,,,,,,,,
0,24,101,0,R_2c79TSd41MgEAmc,2,5,5,5,5,2,2,5,5,5,5,5,5,5,5,5,5,3,1,2,,,,,,,,,,,,,,,,,,,,,,,,,,,,,,
0,5,13,0,R_23V4QUxGQSS5UIX,,,,,,,,,,,,,,,,,,,,,,,,,,,,,,,,,,,,,,,,,,,,,,,,,,
0,24,23490,0,R_10quuw3w374rnq0,5,5,3,4,5,5,3,5,5,5,5,5,4,5,4,4,4,3,2,,,,,,,,,,,,,,,,,,,,,,,,,,,,,,,
0,5,338652,0,R_2b0MGPgEEpIJTj8,,,,,,,,,,,,,,,,,,,,,,,,,,,,,,,,,,,,,,,,,,,,,,,,,,
0,95,715,0,R_OHZKnZtlQGAvdzr,4,5,4,4,5,4,4,4,5,5,5,5,3,5,4,4,4,1,2,,"Diamond with ""transgender male"" written underneath. Need to indicate the pt's preferred gender/sex identification but also indicate biological sex (i.e. presence/absence of breasts/ovaries/uterus/prostate) to accurately assess cancer risk. ","Circle with karyotype written underneath. Their gender identity should be noted in social history, not on pedigree. ","1,2,5","1,2,6","1,2,3,4,6","1,4",1,1,2,2,,,1,5,26,2017,1,2,,2,,2,,1,,1,3,4,1,2
0,95,1134,0,R_beodHz1TiIhBRul,5,5,5,5,5,5,5,5,5,5,5,5,5,4,5,5,5,2,2,,"I would draw him as a square, with a ""T"" in it. He needs to be able to identify himself clearly on the pedigree, but a ""T"" must be noted to indicate that he may have internal female organs which would be important to consider in cancer risk.","I would draw them as a diamond with ""XX"" in it. Again - I would like this individual to feel comfortable when looking at the pedigree and identifying themself but would need to indicate ""XX"" as this may impact cancer risk.","1,2,5","2,6","1,2,3,4,6","1,2,4,5",2,1,1,1,3,,1,5,27,2015,1,2,,2,,2,,3,,1,6,2,5,2
0,95,1051,0,R_3hmWfMIJA6aAZhi,2,5,5,5,5,4,4,5,5,5,4,4,2,4,2,4,3,1,2,,circle with a square around it. I've seen that done and I believe that's the commonly accepted way,"I'm not sure. For my purposes, medically, I'm not sure I would indicate it unless the individual was doing something (using hormones or having surgery) that would change our risk assessment or medical management. Perhaps I would draw a circle and then write a note underneath?","1,2,5","1,2,6","1,2,3,4","1,2,4",2,1,3,2,,,1,3,51,1988,4,2,,2,,2,,1,,2,2,1,1,2
0,95,13503,0,R_2Wumm9N3dDHiYgN,5,5,5,5,5,5,5,5,5,5,5,5,5,5,5,5,4,1,1,1,"I would likely draw a circle inside of a square to represent that the patient was assigned female at birth, but that their gender identity and expression are as a man.","I would likely represent this individual with a diamond shape, with notation about their karyotype next to the diamond symbol.","1,2,4,5","1,2,6","1,2,3,4","1,2,4",4,1,2,1,"2,3,4,5","Completed my GC thesis project on the experiences of trans patients in cancer genetic counselling, provided training to colleagues on this topic",1,5,26,2016,1,2,,2,,2,,4,,1,4,1,1,2
0,24,19295,0,R_2ebxLEt6qPkY7EN,5,5,4,4,5,4,4,5,5,5,5,5,3,4,5,5,5,2,1,1,,,,,,,,,,,,,,,,,,,,,,,,,,,,,,
0,5,140,0,R_2qghW76dhwATpWE,,,,,,,,,,,,,,,,,,,,,,,,,,,,,,,,,,,,,,,,,,,,,,,,,,
0,5,56,0,R_11hm2phSyP1kgjz,,,,,,,,,,,,,,,,,,,,,,,,,,,,,,,,,,,,,,,,,,,,,,,,,,
0,24,179,0,R_6XbXGbJI8jxXQM9,1,1,1,1,1,1,1,1,1,1,1,1,1,5,5,5,5,1,1,2,,,,,,,,,,,,,,,,,,,,,,,,,,,,,,
0,5,2050,0,R_AKvKl7F9A2gbPeV,,,,,,,,,,,,,,,,,,,,,,,,,,,,,,,,,,,,,,,,,,,,,,,,,,
0,5,19,0,R_qIPdKTPMGC0usp3,,,,,,,,,,,,,,,,,,,,,,,,,,,,,,,,,,,,,,,,,,,,,,,,,,
0,100,1004,1,R_qDgNECclA6kK6Qh,3,5,4,4,4,3,4,5,5,4,3,3,3,2,4,4,5,1,2,,A circle with a square around it--circle because assigned female at birth and square around it because he is a trans man. Also probably put transgender male underneath.,I would likely put a circle since they were assigned female at birth and put genderqueer below. I would be sure to explain this to patient and make sure they are okay with that.,"1,5",6,"1,2,3,4","1,4,5",4,1,2,2,,,1,5,25,2017,1,2,,2,,2,,1,,1,4,6,1,2
0,100,1011,1,R_1LUsY1EuJvRq0eE,1,5,4,5,5,3,1,5,5,4,2,2,3,4,4,4,3,1,3,,"circle inside a square because what this individuals is male on the outside, female on the inside",circle inside a diamond for the same reason,"1,2,5",6,"1,2,3,4","1,2,5",3,1,3,2,,,1,5,47,2002,4,2,,2,,2,,1,,2,2,2,1,2
0,100,1260,1,R_1QUq1eAXGKpdpLz,5,5,5,5,5,5,5,5,5,5,5,5,5,4,4,4,4,2,1,1,"I would draw them as a circle on the inside with a square on the outside, likely siting they are trans underneath to be clear.",I would like likely use a cirle and then write genderqueer underneath. Or I might ask if they would prefer a circle inside of a diamond.,"1,2,5","2,3,5,6","1,2,3,4","1,2,4,5",2,1,2,2,,,1,5,26,2015,1,2,,2,,2,,1,,2,4,2,1,2
0,100,1033,1,R_3QFPXIx3qmSqGS9,2,5,4,4,5,2,2,5,4,4,2,2,2,2,2,4,4,3,1,1,We use Progeny in our clinic to draw pedigrees. I'm not sure that there is a specific symbol to use. I might try using a circle in progeny but then hand drawing a square around it. ,"I would perhaps represent the patient with a circle, given their XX chromosomes, and make a note below the patient regarding their genderqueer status. ","1,2,5","1,6","1,2,3,4","1,2,4,5",4,1,2,2,,,1,4,28,2015,1,2,,2,,2,,1,,2,4,"1,2",1,2
0,100,596,1,R_XNaXk2dFEoaiTIZ,5,5,3,3,5,3,5,5,5,5,4,4,2,4,4,4,4,2,2,,"Circle with a square inside with notation of ""transsexual male"" below. Genetically female (hence the circle), trans male noted by the square inside","Circle with ""genderqueer"" denoted below. Genetically female, hence the circle.","1,3,5","1,6","1,2,3,4","1,2,4,5",2,1,1,1,1,,1,4,27,2016,1,2,,2,,2,,1,,2,4,2,1,2
0,95,907,0,R_2lgluS5jcVtBH6F,5,5,5,5,5,4,4,5,5,5,5,5,4,5,5,5,4,2,3,,Square and write transgender or FTM next to it. I want him to feel I see his gender identity and expression but still indicate birth gender for medical reasons,Not sure. Could do diamond or circle within a square,"1,2,5","1,2,6","1,2,3,4,6","1,2,4,5",2,1,3,2,,,1,5,50,1993,4,2,,2,,2,,1,,1,4,3,1,2
0,95,679,0,R_1r1uZGysZX68eAx,5,5,5,5,5,5,2,5,5,5,5,5,4,3,4,4,4,1,2,,"I would draw a diamond with ""FTM"".","I would draw a diamond with ""XX"" and possibly ""genderqueer.""","1,4","1,6","1,3,4,6","1,2,5",1,2,2,2,,,1,4,24,2017,1,2,,2,,2,,1,,2,3,2,1,2
0,95,572,0,R_vBubry45g6ulXLb,5,4,5,5,5,5,5,4,5,5,4,4,3,3,4,5,2,2,2,,"I would draw a box with a circle inside and write and the bottom the ""trans man""","I would draw a circle and write underneath ""genderqueer""","1,5","1,2","1,2,3,4,6","1,2,4",4,1,2,2,,,1,2,25,2016,1,2,,2,,2,,1,,2,5,1,1,2
0,95,988,0,R_2Pu3x5DtSndBWaD,5,5,5,5,5,4,4,5,5,5,5,5,5,4,4,5,5,3,2,,a circle (original gender assigned at birth) inside a square (what he identifies as) - need to know the original gender to give accurate cancer risks,"circle due to XX, then I would probably draw a diamond around it - I would ask the individual if they had a preference for how it was drawn (explain use of circle and square)","1,2","1,6","1,3,4","1,2,4,5",4,1,2,2,,,1,4,42,2000,2,2,,2,,2,,1,,2,4,3,1,2
0,95,1338,0,R_XGOSdk30Zo8il7r,5,5,5,5,5,5,5,5,5,5,5,5,5,5,5,5,5,1,2,,I would follow NCCN pedigree guidelines which include symbols for trans individuals. big circle around a little square indicates birth sex vs identity. ,I would ask if they have a preference for how they would like to be identified on the pedigree first and ask whether I may make note of their birthsex for medical purposes,"1,5","1,2,3,5,6","1,2,3,4","1,2,3,4",4,1,2,2,,,1,4,35,2017,1,2,,2,,2,,1,,1,4,1,1,2
0,95,1703,0,R_2pKR7qIxT5VWF6K,5,5,4,5,5,5,5,5,5,5,5,5,5,3,5,5,4,1,2,,"Square, with the letters FTM, XX","Diamond, with the word genderqueer, XX","1,2,5","1,2,6","1,2,3,4,6","1,2,4",4,1,3,2,,,1,2,23,2018,1,2,,2,,2,,1,,1,2,1,1,2
0,95,486,0,R_2OJtB8Isaul4Pde,4,5,5,5,5,4,5,5,5,5,5,5,4,4,4,3,3,2,1,2,I would draw as a square and write transgender female to male underneath,"I would draw as diamond and write"" genderqueer born male to genderqueer"" underneath","1,5","1,2,5,6","1,2,3,4,6","1,2,4,5",4,1,1,1,"1,2",,1,5,30,2011,3,2,,2,,2,,1,,1,4,5,1,2
0,95,962,0,R_Yawj0T8j2SQHHLr,5,5,5,5,5,4,4,4,5,5,4,4,4,4,4,5,4,2,1,2,I would draw a square with a circle inside with F&gt;M written below or XX written below.,I would draw a diamond with XX below,"1,2,5","1,5,6","1,2,3,4,5","1,2,4,5",2,1,3,2,,,1,4,45,1999,4,2,,2,,2,,1,,2,4,3,1,2
0,95,2308,0,R_1rogjWT8moTly2w,4,5,4,5,4,3,2,5,5,5,5,5,3,4,3,4,4,1,1,2,circle (perhaps with some type of comment below) because we use an electronic pedigree tool that runs risk assessment and I think using sex at birth is important for accurate risk assessment,"circle, similar to above- match genetic sex for accurate risk assessment",1,"1,2,6","1,2,3,4","1,2,4",4,1,3,2,,,1,5,35,2011,3,2,,2,,2,,1,,3,5,3,1,2
0,95,794,0,R_2ccHNuD9J2KwEQ6,4,4,2,4,5,4,2,5,5,5,4,4,3,4,2,4,4,2,2,,"Square, with XY below symbol- it's how he identifies, and the XY tells the needed biological information","Diamond with XX written below- Patient doesn't identify as either male or female, provides needed biological info","1,5",6,"1,2,3,4","1,4",3,1,3,2,,,3,3,30,2016,1,1,,1,,1,,1,,2,4,3,1,2
0,95,464,0,R_xlQo2CBTPKsOoKt,1,4,4,4,4,3,3,4,4,4,4,4,3,3,3,4,2,1,3,,diamond with notes underneath.. i do not want to offend anyone of wrongly express his identity ,diamond.. with notes,"1,2,4,5","1,2,6","1,2,3,4","1,2,4",5,1,1,2,,,1,4,24,2017,1,2,,2,,2,,1,,1,3,3,1,2
0,95,1575,0,R_CZAAudovfceYv4t,5,4,5,5,5,4,2,5,5,2,1,1,1,2,4,4,4,1,2,,I would draw square with a circle on the inside.,"I would draw them as a diamond but write, ""XX"" underneath.","1,5",1,"1,2","1,4",1,1,3,2,,,1,5,23,2018,1,1,,1,,1,,1,,2,4,1,1,2
0,95,490,0,R_2ZWXIR1kGFhYx65,5,5,5,5,5,3,4,5,5,5,4,4,3,4,4,4,4,2,2,,"With a square (as that is how he identifies) and underneath, I would write ""Female to male transgender"". I don't want to use 46,XX in the text box because we usually don't have karyotype information.","Perhaps I would use a diamond and write 46,XX underneath.","1,5",6,"1,2,3,4","1,2,4",4,1,3,2,,,1,4,31,2014,2,2,,2,,2,,1,,2,1,1,1,2
0,95,524,0,R_2wNWC3aoN3QVBOi,5,4,4,4,4,4,3,5,5,4,3,3,4,3,4,4,4,2,2,,not sure,"circle- sex is female, unsure how to indicate genderqueer","1,5","1,6","1,2,3,4","1,2,4",1,1,3,1,5,,1,4,25,2014,1,2,,2,,2,,1,,2,3,2,1,2
0,95,3171,0,R_3kzU7o5GpPUM0qf,5,5,5,5,5,5,5,5,5,5,5,5,5,4,5,5,5,1,2,,A cicle inside a square. The circle represents sex at birth and square represents his gender identity,A circle inside a diamond. The circle represents the sex at birth and diamond the non-binary gender.,"1,4","1,6","1,2,3,4,6","1,2,4,5",2,1,2,1,5,"Discussions with local LGBTQ clinic. Discusion invoved surgeons, psychologists and cousnelors in the gender clinic.",1,5,26,2015,1,2,,2,,2,,1,,2,2,1,3,2
0,100,868,1,R_cCG3qt6S7t1SnD3,3,5,4,4,5,4,4,5,2,2,2,2,4,2,3,4,4,1,2,,"Male square, below write trans ",Not sure ,"1,2,5","1,2,6","1,2,3,4",1,3,1,3,2,,,1,2,29,2018,,,,,,,,,,,,,,
0,100,917,1,R_3jVBqogHMJHQn1b,4,5,5,5,5,3,2,5,5,5,5,5,5,4,5,5,5,1,2,,FTM notation on a square,"Circle, as no surgeries or Rx revealed yet. ","1,2,5","2,6","1,2,3,4","1,4",3,1,1,1,"2,5",previous patients and department discussion,1,5,65,1990,4,2,,2,,2,,1,,1,6,7,1,2
0,5,36,0,R_1K1oT2EIJVvkwSu,,,,,,,,,,,,,,,,,,,,,,,,,,,,,,,,,,,,,,,,,,,,,,,,,,
0,95,567,0,R_1r991NsXtvwD61Z,1,5,5,5,4,3,1,5,4,5,5,5,3,4,5,5,4,1,1,1,"Square with XX beside/beneath - because they are presenting as man, but biology is XX",circle - biological and ? sometimes socially presenting gender,"1,2,5",6,"1,2,3,4","1,2,4",5,1,1,2,,,1,5,48,1994,4,2,,2,,2,,1,,2,3,1,1,2
0,95,1069,0,R_0CjEWOlIGZlxurD,5,5,5,5,5,4,5,5,5,5,5,5,5,5,5,5,5,3,1,2,square with XX underneath,circle,"1,2,5","2,3,6","1,2,3,4","1,2,4",5,1,1,2,,,1,5,60,2016,1,2,,2,,2,,1,,1,1,1,1,2
0,95,838,0,R_6DOfqG1mbUYDU0F,3,4,4,4,5,3,4,5,5,4,4,4,4,3,4,5,4,3,2,,"A square with trans man written underneath to represent the sex that the patient prefers as the shape, but writing trans man underneath so that I'm aware that the patient was born a female for risk purposes. ",I would draw a diamond since this patient does not completely identify as male or female and write underneath Chromes XX or I would ask the patient which shape they would prefer me to write. ,"1,2,5","1,2,6","1,2,3,4,6","1,2,3,4,5",2,1,2,2,,,1,5,26,2015,1,2,,2,,2,,2,,2,3,2,1,2
0,95,2477,0,R_3pnfMhPfZz1JRiU,4,4,4,4,4,4,4,4,5,4,4,4,4,5,5,4,4,3,2,,Circle- talking about cancer risks for individual who is genetically female,Circle- talking about cancer risks for individual who is genetically female,1,"1,6","1,2,3,4","1,2,4",4,1,2,2,,,3,4,31,2010,3,2,,2,,2,,1,,1,2,1,1,2
0,100,771,1,R_1K27IEhRzZY8skp,5,5,5,5,5,4,3,5,5,5,5,5,3,4,5,5,3,2,2,,I would draw as male with XX inside the square,I am not sure; possible a circle with male and female signs inside????,"1,5","1,2,6","1,2,3",1,4,1,2,1,5,"Webinar on Transgender health in general, not specific to cancer",1,4,52,1991,4,2,,2,,2,,1,,1,6,3,1,2
0,100,5175,1,R_2V4kl8X1VjAyvHj,1,5,4,4,4,1,1,5,4,4,4,4,1,4,2,2,2,1,2,,a circle on the outside (gender at birth) and a square on the inside (identified gender),a circle... not sure what else would need to be drawn,"1,2,5","1,2,6","1,2,3,4,6","1,2,4",1,1,2,2,,,1,5,29,2012,2,2,,2,,2,,1,,2,4,6,1,2
0,95,1316,0,R_3JtjneATZoz8lnB,5,5,5,5,5,5,5,5,5,5,5,5,5,4,5,4,4,1,2,,I would draw him as a square because he identifies as a male. Under the square I would likely put (FTM). I avoid using XX/XY unless I have seen a karyotype. ,I would draw this person as a diamond because the patient does not explicitly identify as male or female. Under the diamond I would likely put XX. I may also add the person's pronouns under the diamond for social reasons. ,"1,5","1,2,6","1,2,3,4,6","1,2,4",2,1,3,1,2,,1,5,25,2017,1,2,,2,,2,,1,,1,1,1,1,2
0,95,1088,0,R_1OrSYTZ48SxZiTj,1,5,4,5,5,2,2,5,5,5,5,5,2,4,3,5,5,2,1,1,"I think instictively I would draw as a square as he identifies as male, but write under it ""born XX"" or ""XX"". We have discussed drawing an individual like this as a circle in the middle of a square; however, I think I would still be confused by this drawing or some may forget which shape represents the biological sex vs transitioned sex","I would draw as a circle and write ""XX and identifies as genderqueer"" or whichever term the patient personally uses. this is to avoid confusion of terms/how to address patient upon meeting patient again or if another GC/healthcare provider meets them while also capturing biological sex.","1,2,4,5","1,2,5,6","1,2,3,4,6","1,2,4",4,1,3,2,,,1,5,28,2014,2,2,,2,,2,,1,,2,2,1,1,2
0,95,922,0,R_0oWcxi8oKwd0FKV,4,5,5,5,5,4,1,5,5,5,5,5,5,5,4,5,5,3,1,2,Square with an XX in the middle; the shape I use is what gender the patient associates with and then I put XX to know their karyotype gender,diamond with an XX; since the patient is neither male nor female a dimond would encompass their gender and then I put XX to know their karyotype gender,"1,5","1,2,6","1,2,3,4","1,2,4",2,1,2,2,,,1,5,34,2007,3,2,,2,,2,,1,,1,4,3,1,2
0,95,1710,0,R_3PFugy2hwYE0iS0,2,5,5,5,5,2,4,5,5,5,5,5,5,5,5,5,5,3,1,4,"We would draw a circle behind, with a square on top and slightly to the right, to represent female sex at birth, but male gender identity and expression.",We would draw a circle behind and then draw a diamond over the top and slightly to the right to represent female sex a birth but queer gender identify and expression at this time.,"1,2,5","1,2,5,6","1,2,3,4,6","1,2,4,5",2,1,1,1,"3,4",,1,5,45,2000,4,2,,2,,2,,1,,1,6,1,1,2
0,95,2592,0,R_2zMfZn6qbDnsmNS,4,5,5,5,5,4,3,5,5,5,5,5,3,4,5,5,5,1,1,2,"I would draw this individual as a square with (46,XX) written under it. I draw the individual as the gender they identify with and put their biological sex underneath it so we know what internal organs they have and how results might affect management. ","I would ask this individual what pronouns they prefer, how they would like me to draw them on the pedigree and I would put (46,XX) underneath their circle/square/diamond","1,2,5","1,2,6","1,2,3,4,6","1,2,3,4,5",5,1,3,2,,,1,5,26,2016,1,2,,2,,2,,1,,1,1,1,1,2
0,95,3013,0,R_2VmscPvoQoaxIV8,5,5,5,5,5,4,4,5,5,5,5,5,5,4,5,5,5,1,2,,"Circle inside a squareCircle inside a square, per NCCN guidelines","Circle, which is what I use for a person who identifies as lesbian","1,2,5","1,6","1,2,3,4,6","1,2,4",2,1,1,2,,,1,5,56,1988,2,2,,2,,2,,1,,1,2,3,1,2
0,100,716,1,R_RJopLDkStj8pSEN,2,4,4,4,2,2,2,5,5,5,5,5,2,4,4,4,4,3,1,2,Circle with square around it because he was born female and identifies as male ,Circle with diamond around it,"1,2,5",6,"1,2,3,4","1,2,4",3,1,3,1,5,Kaiser training ,1,5,36,2005,2,2,,2,,2,,1,,1,,7,1,2
0,5,1505,0,R_2bJZCVgxiPEPxwR,,,,,,,,,,,,,,,,,,,,,,,,,,,,,,,,,,,,,,,,,,,,,,,,,,
0,100,889,1,R_2fxq5DG8zz7GcIF,5,5,5,5,5,4,4,5,5,5,5,5,5,4,4,5,5,2,1,1,Square with FTM written underneath.  This person identifies as male and should be identified as male on pedigree,"Honestly, I would ask!  I would state that typically we use squares for men, circles for women, and diamond for an individual who has not had gender assigned.  Once they indicate their preference, I would go with it.  Then annotate the pedigree with XX or whatever is needed so medical information is clear","1,2,5",6,"1,2,3,4,6","1,2,3,4,5",4,1,1,1,3,,1,4,43,2000,4,2,,2,,2,,1,,1,1,5,1,2
0,24,102,0,R_2D7IdquK2KJhIQJ,2,5,5,5,5,4,4,5,5,4,4,4,2,4,5,5,4,1,2,,,,,,,,,,,,,,,,,,,,,,,,,,,,,,,
0,3,18,0,R_RWB6gfiiBfZLkOJ,,,,,,,,,,,,,,,,,,,,,,,,,,,,,,,,,,,,,,,,,,,,,,,,,,
0,3,5,0,R_3ef2jUFK9nvDCda,,,,,,,,,,,,,,,,,,,,,,,,,,,,,,,,,,,,,,,,,,,,,,,,,,
0,14,109,0,R_3DbuaVRPVZAHZmA,5,5,4,4,5,5,5,5,5,5,5,5,4,4,4,4,4,,,,,,,,,,,,,,,,,,,,,,,,,,,,,,,,,
0,5,13,0,R_06qCPO9ksAABqX7,,,,,,,,,,,,,,,,,,,,,,,,,,,,,,,,,,,,,,,,,,,,,,,,,,
0,8,69,0,R_1IyYbxutILOddts,5,5,4,5,5,5,5,5,5,5,5,5,4,,,,,,,,,,,,,,,,,,,,,,,,,,,,,,,,,,,,,
0,5,1660,0,R_3gXFTTdDFDn9SMl,,,,,,,,,,,,,,,,,,,,,,,,,,,,,,,,,,,,,,,,,,,,,,,,,,
0,3,18,0,R_07WhR7GOJ1Hdj6F,,,,,,,,,,,,,,,,,,,,,,,,,,,,,,,,,,,,,,,,,,,,,,,,,,
0,8,106,0,R_vGor39SHyUaioN3,5,5,4,5,5,4,2,4,5,5,4,4,4,,,,,,,,,,,,,,,,,,,,,,,,,,,,,,,,,,,,,
0,30,2019,0,R_3J3s8IpIJTWhmDy,4,5,4,5,5,2,1,5,5,5,3,3,5,5,4,5,5,3,1,2,male (gender pt identifies as) with a note under the symbol indicating difference between gender assigned at birth and gender pt identifies as.,"That's tricky! Probably a circle with a note that pt is genderqueer. I'd consider a diamond because it's gender neutral, and I want to respect the lived experience of my patients.",,,,,,,,,,,,,,,,,,,,,,,,,,,,
0,3,6,0,R_3fYUaJshM46r4bq,,,,,,,,,,,,,,,,,,,,,,,,,,,,,,,,,,,,,,,,,,,,,,,,,,
0,24,132,0,R_2R4D1yBAbRmdqg4,3,5,3,4,5,1,1,4,4,4,4,4,1,4,4,5,3,3,1,2,,,,,,,,,,,,,,,,,,,,,,,,,,,,,,
0,24,1640,0,R_PvqhD63L2vdUd3P,4,4,1,4,5,3,4,5,5,5,5,5,2,2,5,5,5,2,2,,,,,,,,,,,,,,,,,,,,,,,,,,,,,,,
0,24,246,0,R_PO25oHP6fczw1bP,5,5,5,5,5,5,5,5,5,5,5,5,5,4,5,5,5,1,2,,,,,,,,,,,,,,,,,,,,,,,,,,,,,,,
0,95,1134,0,R_21tsR9MjICYzW8o,4,5,4,5,5,3,4,5,5,5,5,5,4,5,5,5,5,3,1,1,square with circle inside and denote genotype below. After discussions with other GCs I work with we felt that drawing the identified gender with the biological gender inside would be the most clear but would still add genotype below so that others outside our facility would be able to interpret the pedigree. ,I have not had a case exactly like this but kinda of similar (baby/person with ambiguous genitalia) and decided to draw that person as a diamond and denote the genotype below if known. ,"1,5","1,2,6","1,2,3,4","1,2,4,5",1,1,3,2,,,1,5,33,2009,1,2,,2,,2,,1,,2,3,2,1,2
0,8,115,0,R_86rPXOE9f0fZag1,1,5,5,5,5,1,1,5,5,4,4,4,4,,,,,,,,,,,,,,,,,,,,,,,,,,,,,,,,,,,,,
0,30,65958,0,R_3kLhNnCI50lwiff,4,5,4,4,5,4,5,5,5,5,5,5,4,4,4,4,4,3,1,2,"I would draw a square and then I would write (FTM) underneath or the chromosomal sex underneath (46, XX). ","I would draw a diamond and then write the chromosomal sex underneath (46, XX). ",,,,,,,,,,,,,,,,,,,,,,,,,,,,
0,24,45,0,R_3D1QFps6Tv5DX7c,5,5,5,5,5,5,5,5,5,5,5,5,5,5,5,5,5,1,3,,,,,,,,,,,,,,,,,,,,,,,,,,,,,,,
0,95,904,0,R_2VKZjq1KbFZ3e8y,4,5,4,5,5,4,4,5,5,5,5,5,4,5,5,5,5,3,1,2,"Circle, because the sex of the patient is important for risk assessment, medical management recommendations, and more.","Circle, because the sex of the patient is important for risk assessment, medical management recommendations, and more.",1,"1,2,5,6","1,2,3,4,6","1,2,4",3,1,2,2,,,1,5,28,2014,2,2,,2,,2,,1,,1,2,1,1,2
0,3,18,0,R_2di25oVqqt6pMnP,,,,,,,,,,,,,,,,,,,,,,,,,,,,,,,,,,,,,,,,,,,,,,,,,,
0,95,236772,0,R_1pYFHjPojn8AzUJ,4,5,4,5,5,2,1,5,5,5,5,5,3,2,5,5,5,2,1,1,I would explain the circles and squares and then ask them how they would like to be drawn OR draw a circle with a square inside of it,I would explain circle vs square and ask them to choose one or choose a new symbol (like a diamond),"1,2,5","1,2,6","1,2,3,4,6","1,2,4,5",4,1,2,2,,,1,5,27,2014,1,2,,2,,2,,1,,1,6,7,1,2
0,5,73,0,R_1mIcRCo3bTNlqHF,,,,,,,,,,,,,,,,,,,,,,,,,,,,,,,,,,,,,,,,,,,,,,,,,,
0,95,526,0,R_1pujHxWj1TCXuWx,4,5,4,5,5,2,2,5,5,5,5,5,4,4,5,4,4,2,1,2,A square with a circle inside of it (it's my understanding there is no real consensus for this),Diamond with 46 XX underneath,"1,2,5","1,2,6","1,2,3,4,6","1,2,4",4,1,1,1,4,,1,4,27,2014,3,2,,2,,2,,1,,2,2,1,1,2
0,95,543,0,R_3HunPdfkYBHN0Ri,2,5,4,5,4,1,2,5,5,5,4,4,1,4,2,4,4,2,1,2,"Square, with ""female to male"" underneath","Diamond, with XX underneath","1,2,5","1,2,6","1,2,3,4,6","1,2,3,4,5",4,1,2,2,,,1,5,32,2011,2,2,,2,,2,,1,,1,6,7,1,2